id,danceability,energy,loudness,speechiness,acousticness,instrumentalness,liveness,valence,tempo
6IW777kFbRbgUz68XUiZXm,0.838,0.432,-13.943,0.0688,0.0378,4.48e-05,0.0583,0.91,142.013
5gOyjqIifZ9NqVcaIIlqv7,0.783,0.62,-7.987,0.0662,0.426,1.33e-06,0.152,0.827,101.992
2qiDXgq5fL1FetkhX5xi9L,0.651,0.33,-11.079,0.28,0.757,1.61e-05,0.108,0.374,63.252
0DRJILxCmuHsrJpYYqXMed,0.828,0.619,-7.544,0.054,0.131,8.6e-05,0.104,0.737,124.004
6UumSbVp1ae6IfcOWDo1oL,0.701,0.835,-5.57,0.19,0.0279,0.0,0.282,0.911,87.953
5TTyyKNJZHONhjtAiXL1nG,0.467,0.469,-10.523,0.0374,0.443,0.000216,0.0874,0.576,199.752
0TfMitxzrMd2NTLxNXL2Hu,0.766,0.69,-5.387,0.0488,0.0147,5.39e-05,0.0691,0.843,97.015
7Je3ZS7wC2wdeORkmvF3GO,0.599,0.672,-6.194,0.0364,0.482,0.0,0.122,0.177,109.928
1NNUcz8YMp6OKElVufO1Sj,0.819,0.386,-6.17,0.0695,0.688,0.0,0.119,0.778,87.984
1y90XHF7xM8e9OwQtb7kP9,0.557,0.665,-5.97,0.0427,0.288,0.0,0.133,0.415,159.83
2GFWdqBUfWweThDEdgmHdo,0.661,0.714,-5.472,0.0274,0.323,0.0,0.198,0.488,95.002
5MPi9e7z46wopyad10R6qx,0.587,0.735,-7.947,0.0746,0.0312,6.42e-05,0.0826,0.305,121.936
0i7Ps1oPnc0IfUAeKiktY2,0.577,0.283,-9.235,0.0821,0.577,0.0,0.507,0.48,143.915
2t3QOhy2YqycnOFAHUKHtI,0.654,0.566,-5.764,0.0497,0.161,0.0,0.24,0.877,143.94
0sTlGEld0h8kIPZaKDYUf4,0.309,0.883,-3.825,0.0808,0.0673,0.00111,0.0849,0.312,159.488
4IXQ8NB0tRsc6axcnCwGth,0.677,0.703,-5.631,0.046,0.0187,0.0,0.228,0.553,145.024
2ptbBxMTCbFBefVMXwrdSC,0.806,0.437,-9.599,0.191,0.0279,0.0,0.457,0.803,114.918
2uFTnCmw9n08yGWU6qf1vk,0.665,0.582,-7.011,0.0324,0.163,0.0,0.108,0.344,137.027
0Im0tvxi3Sf9SnUWvNdbTg,0.577,0.532,-8.748,0.115,0.397,0.0,0.513,0.532,175.98
4Qy4vfG2XbkOwGwLXt87nT,0.676,0.537,-5.668,0.0482,0.0288,0.0,0.44,0.473,84.984
4WQg48BzWnJROGVDsnZegi,0.656,0.885,-3.777,0.0253,0.0113,0.0,0.111,0.692,115.016
5rqkwcjfJRDeYnA0yYu5LU,0.53,0.782,-5.261,0.0849,0.00564,0.0,0.085,0.592,151.019
4NuS3N2ip2WkR74a3fr3K6,0.652,0.621,-4.91,0.0386,0.635,0.0,0.069,0.747,80.033
7hcNXgnBncyybhQVhTFNd7,0.748,0.553,-6.772,0.0889,0.017,1.03e-06,0.138,0.635,92.946
6QRZvirg2FzBXo1qfsJpsU,0.634,0.479,-7.07,0.0305,0.184,0.000106,0.108,0.215,83.495
3te9LnEKicmjVZ5w5uURNy,0.708,0.356,-9.656,0.0294,0.57,6.28e-06,0.103,0.445,84.017
0plHBfV2PAWAFKGvhTfMLC,0.363,0.141,-15.064,0.0409,0.878,0.0,0.0991,0.218,79.341
565nq6yHIdPS05v42NpabQ,0.562,0.426,-8.578,0.0338,0.38,0.0,0.123,0.442,145.09
56OcHDP7SgOY8hf4glCEDH,0.634,0.149,-9.349,0.0296,0.827,0.0,0.122,0.256,92.962
1P76yNLdadQMDblQsmMXvB,0.783,0.478,-7.448,0.0562,0.0972,0.0,0.0365,0.458,126.012
4nzBST9JdZIy9qfilr93Po,0.617,0.38,-9.275,0.0361,0.018,0.0,0.112,0.192,116.961
35kDv86L9VuUoj29YTHmE6,0.894,0.574,-7.369,0.0971,0.0878,6.8e-05,0.255,0.529,119.959
3MTCUbfONUfmAbuUSPMvBf,0.852,0.226,-11.838,0.0919,0.811,0.0,0.132,0.304,124.997
7mf3iKiRBP5osWjZofxCno,0.776,0.58,-6.226,0.103,0.347,0.0,0.136,0.762,157.139
73c7iqH4lCVqu4tm66i0tY,0.727,0.491,-6.031,0.0592,0.498,0.0,0.133,0.471,113.027
1C8XUj2ZHSUeeAc93r6gb9,0.607,0.529,-8.908,0.0451,0.0198,0.0,0.173,0.339,123.023
03eyNjBM2mpx28H6kdaufN,0.658,0.445,-8.749,0.154,0.161,0.0,0.0845,0.513,174.111
2bli0H0Bl7aodrN4PszUT0,0.783,0.42,-7.241,0.147,0.101,0.0,0.405,0.769,160.054
6JfGNG57afA68clug8yGs8,0.588,0.337,-13.026,0.0654,0.677,0.0,0.121,0.39,144.88
7dI05YM6f4mz6EMejbfiR6,0.723,0.237,-10.999,0.044,0.706,0.0,0.129,0.323,85.002
08mpiFeuRWQeJsswcdSTDl,0.601,0.437,-5.893,0.0393,0.704,0.0,0.351,0.877,127.741
26rC8FAVdvtEzPBmq4BVZG,0.872,0.457,-5.176,0.0479,0.206,0.0,0.136,0.757,130.044
6PpRXADI4aw7CJxg1164Ne,0.832,0.345,-10.454,0.366,0.247,0.0,0.101,0.602,114.98
2cWOvltEM7g2mpjexpTsQT,0.744,0.582,-8.336,0.0305,0.128,0.0,0.15,0.794,141.992
54q7FLhWb9FEObFBziNRTq,0.662,0.399,-8.933,0.0314,0.491,2.4e-05,0.127,0.265,96.05
6vFbWYHAs0Wg37tr1nSPRI,0.723,0.682,-5.732,0.0654,0.159,0.0,0.429,0.625,107.03
75p5bRmvl6VErq5BJrKBOr,0.684,0.756,-5.989,0.0346,0.0775,0.0,0.206,0.818,131.946
4eIBTgzVW8X1IU8H3GTMC5,0.615,0.603,-5.259,0.139,0.26,2.28e-05,0.139,0.605,179.99
57cAiaSBKidKHqBC1FePPn,0.44,0.369,-10.205,0.0423,0.385,0.0,0.145,0.531,103.991
5keXeMrCGBYXpJYQ0FFqjK,0.722,0.328,-10.564,0.0375,0.809,0.0,0.276,0.672,110.02
2UE2rURHGOCFu7gNCovm8O,0.405,0.468,-7.19,0.0503,0.144,0.0,0.594,0.282,87.481
0QCYp0iQR5w0beNWnGlc4C,0.529,0.309,-9.364,0.0302,0.729,0.0,0.0925,0.196,143.91
3aLMnL5LOmwMXYgnWWPJid,0.668,0.709,-5.034,0.175,0.0153,0.0,0.242,0.967,175.894
1WbjIWan3JBeOV4wrIveRA,0.83,0.531,-5.805,0.158,0.317,0.0,0.0936,0.937,82.488
6jZVjpytansF9eNR7f42yv,0.679,0.527,-7.356,0.0544,0.177,0.0,0.0743,0.752,155.126
79mERrds35hOK0Y8yUIYEi,0.822,0.5,-6.254,0.0623,0.282,0.0,0.208,0.581,100.051
3kQhtfzbTyOYpw2MeKBR7e,0.708,0.509,-7.086,0.107,0.176,0.0,0.0495,0.672,179.88
4CYFGGc4EVyfktgY6Oli2B,0.59,0.222,-11.28,0.0388,0.634,0.0,0.119,0.622,141.846
4d27ZyAYfKRmIQAuF7mYKy,0.432,0.175,-13.269,0.0447,0.692,0.0,0.117,0.203,177.434
7eeHCS30IlVQyC4OsTc1kT,0.806,0.562,-7.45,0.139,0.183,0.0,0.131,0.777,102.036
7lCABy5ozzPeDGxYB4ja4D,0.744,0.577,-7.246,0.0567,0.0657,0.0,0.378,0.639,95.021
4j5gXarJqoiwh4ZIAqZcmh,0.634,0.778,-4.135,0.0809,0.0189,0.0,0.291,0.462,155.982
7gm2omqXDTaT4sS17hSu8T,0.827,0.56,-6.685,0.0327,0.55,3.66e-05,0.15,0.873,122.056
4PTL4dJzIpz3UKnfv5nr2V,0.52,0.411,-11.117,0.0382,0.578,0.0,0.365,0.43,143.979
2zu30LdbP8392UxdpWrWG9,0.853,0.537,-7.33,0.0891,0.0223,0.0,0.264,0.798,92.032
2gtm8uC0kTOm87OKcuvLxo,0.757,0.434,-11.102,0.0655,0.531,0.0,0.34,0.798,84.981
3B35weG0VesnSZ4ty8ZBRN,0.642,0.739,-5.929,0.089,0.515,0.0,0.0654,0.487,169.93
7nvwVMGojdHqrSRCaxMFv9,0.714,0.872,-4.814,0.0935,0.0765,0.0,0.108,0.838,107.951
7HFtKNaYQ5ggZ07shL6hN0,0.703,0.602,-5.543,0.101,0.334,0.0,0.414,0.747,76.027
1yc2EvLPgWlHHDsm4DT0rJ,0.707,0.712,-5.585,0.193,0.34,0.0,0.218,0.86,87.495
2pYUQOwTufkQ9VLkaenb1j,0.677,0.821,-3.858,0.0625,0.144,0.0,0.125,0.804,104.878
7F9TZ2RT8rdVyzLFmfagiR,0.546,0.442,-6.541,0.0286,0.24,0.0,0.122,0.323,89.019
2lC6OoqtVRSi2cxcV3iq2m,0.861,0.566,-6.142,0.0669,0.838,0.0,0.131,0.958,120.105
7wfxf9QXBIWgBx1aG5QWhR,0.593,0.503,-5.635,0.0652,0.112,0.0,0.331,0.278,159.971
31XxRxQ4g4mVkHoJwhCJ5z,0.529,0.798,-4.956,0.236,0.0137,0.0,0.0487,0.777,159.913
7jns5GD8u5gDl5WsCie6Tr,0.782,0.456,-7.98,0.0401,0.073,1.74e-06,0.208,0.449,95.003
0mAG1i2p2d4Ml2Jp97g2NP,0.789,0.526,-8.095,0.0484,0.33,0.000474,0.235,0.476,114.028
1Nt4hDwC9bGT8P9NU5TuFX,0.725,0.485,-7.651,0.0727,0.113,0.0,0.0784,0.527,89.995
6nPs4YNMQHi1hT37ILuo66,0.575,0.675,-7.22,0.038,0.00404,0.0,0.157,0.34,113.9
7FFczcnyKPpQSQKxSpJ71V,0.938,0.311,-7.776,0.0602,0.492,0.0394,0.117,0.875,109.974
2fC9EwghGePs0igz1ZYqpi,0.719,0.557,-4.547,0.0814,0.616,0.0,0.774,0.831,82.486
1nPoBr8PuM1Llme2OJ1Hrl,0.656,0.603,-8.971,0.0575,0.276,1.45e-06,0.13,0.415,90.047
4xPSBabrMDpdmIacsJmMs0,0.662,0.588,-6.587,0.0703,0.161,0.0,0.0647,0.672,89.039
4YLKHaxYieIw6iMVfIvKm7,0.791,0.639,-4.962,0.104,0.358,0.0,0.0833,0.473,97.01
4haFjTRgwxsm6t3pfjXoRP,0.683,0.55,-8.339,0.13,0.319,2.79e-05,0.131,0.851,75.01
3Yk0rZxWOETWZcF2EcqhmS,0.784,0.428,-8.697,0.044,0.421,8.91e-06,0.103,0.65,116.994
2y0zJlae50VyzO7NCrQe06,0.777,0.527,-7.195,0.0291,0.126,1.19e-05,0.09,0.753,105.017
6tNQ70jh4OwmPGpYy6R2o9,0.472,0.471,-5.692,0.0603,0.151,0.0,0.14,0.219,105.029
3nAz0OCzeiGbUudc8kXKar,0.737,0.662,-4.84,0.0619,0.0261,3.3e-06,0.74,0.554,91.992
0rRjGruFonCGOt0S5zAJNQ,0.689,0.338,-7.634,0.0629,0.349,5.7e-05,0.0649,0.568,128.012
3Che0Dm9dlytqujcprVAwE,0.655,0.716,-5.077,0.0897,0.476,0.0,0.479,0.521,80.813
7EkWXAI1wn8Ii883ecd9xr,0.345,0.941,-9.918,0.0466,3.84e-05,0.633,0.0511,0.407,179.626
6ZArwNtFh1a4204U7QexUa,0.337,0.314,-10.057,0.0285,0.302,0.0,0.151,0.271,91.317
7MvZSYL3SmiaHIXcjfhAvM,0.595,0.518,-9.574,0.037,0.758,0.0,0.107,0.787,165.879
3LOglsTDAOClfvfdRy11B9,0.6,0.286,-8.691,0.0311,0.0735,0.0,0.168,0.342,104.667
4m00mg7QAq4eEXKkgSqg3Z,0.622,0.492,-7.261,0.0338,0.253,7.01e-05,0.0914,0.824,190.261
2RCBbA3mK2bUwJfMfJRlq6,0.655,0.479,-5.418,0.0265,0.689,0.0,0.18,0.419,91.9
3tl9B6c07WZujRH2FP5hKA,0.609,0.853,-2.318,0.0361,0.0511,0.0,0.379,0.819,127.034
1mjhuvf6QZTniMwb2dHjtp,0.61,0.31,-12.953,0.0405,0.871,3.01e-06,0.0788,0.261,120.025
0xvkTfdXvK7f1bOZ98ekbH,0.734,0.169,-12.166,0.0377,0.85,0.0,0.104,0.455,112.07
5M5ZnM9O8JW2SrukbfxZP8,0.89,0.429,-6.247,0.042,0.0076,0.000692,0.067,0.822,110.078
03LH899Fyk7Fwt1kZsGdM2,0.589,0.748,-4.274,0.0405,0.06,2.3e-06,0.103,0.894,77.526
4EfBubHt9kkZ7rTW4SIOWb,0.386,0.366,-8.745,0.028,0.368,1.68e-06,0.0611,0.256,80.269
1FJccZPc2g1QjG4EzezNKf,0.738,0.666,-6.534,0.0281,0.0927,0.0,0.192,0.793,130.087
6qskolMuSoXPl3C1sgSbfu,0.61,0.441,-7.018,0.0349,0.663,1.41e-05,0.139,0.299,135.873
0zUT6RbKCqHqorVnXVoZcm,0.732,0.459,-8.029,0.0898,0.524,0.0,0.0816,0.481,130.136
1ocFBctDW8m5Xj0Nz9fmC2,0.401,0.419,-10.464,0.0614,0.369,0.0,0.134,0.263,115.072
71rw9MB77BR8LHMFZK8gKV,0.908,0.45,-7.174,0.314,0.0608,0.0,0.0663,0.515,108.056
6v5vr3SqSczkqIIVeW8RjZ,0.835,0.284,-10.121,0.0778,0.631,3.96e-06,0.102,0.286,86.982
2m9kfA99oiBmS3fljluWtf,0.666,0.646,-4.906,0.0895,0.13,0.0,0.089,0.836,169.948
0DHBocC3mQFnoiqWWD92TB,0.517,0.805,-5.901,0.148,0.247,0.0,0.179,0.393,166.047
1p1EeOGryPK0AQRraHw6fW,0.729,0.638,-6.248,0.0627,0.0522,0.0,0.161,0.895,123.919
3RpeMS8fRVpXYME5gOoxBP,0.577,0.397,-10.866,0.0665,0.708,0.000436,0.12,0.345,91.95
3Lke0rX94asrDmGqkNh817,0.454,0.422,-6.979,0.033,0.244,0.0,0.183,0.238,157.433
3KMp3FuaCabAi75a5oDRfH,0.735,0.439,-10.593,0.252,0.395,1.64e-06,0.119,0.751,93.018
0pdj7pIr0cwQeFielID46j,0.716,0.572,-7.391,0.0534,0.453,0.0,0.184,0.65,79.982
7IezwtVIJIPC36LpKMR9d7,0.924,0.716,-7.158,0.0541,0.0177,1.15e-06,0.128,0.48,119.973
3qwtDfrHnLkRyoRJwuRieH,0.853,0.68,-6.336,0.0443,0.193,0.0,0.089,0.964,110.035
2ngNeWCODoaj7RdwQAJDna,0.665,0.541,-7.792,0.309,0.186,0.0,0.164,0.894,200.235
5HrBwBW9Teiys6bYlsOZpm,0.919,0.616,-5.215,0.0778,0.000516,0.000203,0.0752,0.431,124.042
4r0kug4vaNx3d8qyDLhQes,0.765,0.572,-6.153,0.128,0.226,0.0,0.192,0.475,140.013
7pjlSvtMtqybSo198LE0P6,0.528,0.488,-7.873,0.0308,0.368,0.0,0.0903,0.0694,144.018
5vO71tywH4g5RnxVcRWGLz,0.652,0.218,-16.49,0.0393,0.868,0.00139,0.109,0.22,127.794
6oPDWUwxTIsGejcHd9tLdc,0.472,0.528,-8.215,0.0305,0.778,0.00108,0.137,0.543,99.019
53vqxI2N89pMUUmJMhxqrS,0.565,0.558,-7.669,0.174,0.184,0.0,0.0951,0.587,90.11
7MaV8u4IQwSPpUwg5Dm0k9,0.653,0.521,-5.631,0.0726,0.233,0.0,0.54,0.857,92.987
5sHF15InlZ6zQf4OzH6YDr,0.857,0.467,-10.488,0.14,0.201,0.0,0.381,0.811,118.003
5AxhA8xrGrHFqUjIVbrDk0,0.869,0.777,-4.493,0.121,0.0403,0.0,0.107,0.362,104.041
4PRdeh2zIyM1pvY4x5luLe,0.299,0.357,-9.731,0.0372,0.538,0.0,0.133,0.278,179.664
5ggdrgZR1mOXpHMQcoVJgS,0.643,0.405,-10.522,0.0254,0.237,0.0,0.127,0.622,104.991
5Jfm4BNqlO9j0hKS6Yn4Om,0.69,0.366,-5.905,0.0385,0.717,0.0,0.11,0.569,106.054
6VqnWmjto3NFfojvUx1ws2,0.643,0.595,-7.709,0.0277,0.174,2.49e-06,0.108,0.776,144.973
2otCM15RQxb5klWroyRRYs,0.753,0.279,-11.414,0.0462,0.827,0.0,0.133,0.356,116.945
21dAwmmQfsjGh8h7slPyrD,0.811,0.488,-7.309,0.0553,0.179,1.26e-06,0.165,0.168,109.947
0NmyaqedeQ7DRcjWquikEk,0.615,0.801,-6.281,0.0729,0.0122,0.0,0.0796,0.75,159.888
1neh53RpPLL3DZPW2q6RkH,0.792,0.662,-5.874,0.0357,0.275,0.0,0.0486,0.932,120.068
0wHYbtCUq9nPbOq6DVwdC6,0.726,0.715,-5.104,0.0292,0.0581,0.0,0.109,0.678,125.014
78ZgTVUSANWnLIKAgGtDz3,0.738,0.617,-7.747,0.0315,0.042,0.0,0.145,0.551,102.013
5aNGZv8NUxx9k1lS6ZXmoT,0.526,0.487,-7.765,0.0366,0.304,3.74e-06,0.138,0.299,135.995
6qkwieeAuu97CLLtuooHd3,0.544,0.515,-10.732,0.371,0.28,0.0,0.229,0.347,188.433
479UZI7rBJRJwqB0UZyZ57,0.533,0.41,-8.607,0.0322,0.744,6.28e-05,0.0985,0.149,133.591
2PQYO2ycXPyZdL1qZebBMH,0.708,0.687,-4.881,0.135,0.246,0.0,0.0448,0.717,79.051
09VW2o6EHSWwzCdhW4ARU1,0.858,0.58,-5.897,0.118,0.0115,0.0,0.0788,0.847,94.984
0OmJeFIKTPo2F1XuXJQ7G6,0.575,0.469,-7.432,0.0248,0.0325,0.0,0.207,0.229,90.912
58VQl8tTnqcpNktcx9tQUP,0.713,0.185,-16.927,0.0358,0.962,0.00138,0.13,0.365,120.097
2UHnJzIiyNqPTufzxHdTQx,0.758,0.618,-6.998,0.04,0.0329,0.0,0.327,0.644,96.059
6hChH6ea8SeDarTGl6YTBe,0.837,0.474,-8.659,0.339,0.557,9.12e-06,0.0998,0.277,154.941
3rN4uWkEiRCGPJOzSsgCsS,0.744,0.744,-5.853,0.055,0.0341,0.0,0.267,0.701,98.065
0E2qrXXGhi6Aje9Dxx4BG2,0.513,0.217,-6.631,0.0677,0.874,0.0,0.105,0.628,158.977
0XSncrobBZoW1A0bFh8Ttx,0.799,0.398,-5.838,0.0445,0.142,0.0,0.107,0.388,93.933
2OZNEa3tW5HKAaAQqnJope,0.646,0.576,-7.827,0.071,0.449,0.0,0.342,0.375,149.821
1vOfS6WjYHsF3DVwpJ1iPA,0.606,0.384,-13.115,0.39,0.628,0.0,0.0882,0.586,112.984
7HGwpUzbvszA3q7pnokHkY,0.578,0.459,-9.926,0.127,0.381,0.0247,0.231,0.344,92.067
0DmtWVpLwIoaeloVQV1IUD,0.717,0.554,-6.158,0.065,0.246,7.49e-06,0.105,0.211,166.011
4NS3yDtIivNZ5NiLonDPPO,0.646,0.484,-6.847,0.0454,0.481,4.35e-06,0.0999,0.207,83.109
331XiSC8eOEhnG0zINJfyl,0.575,0.525,-6.863,0.043,0.0876,0.0,0.341,0.137,142.055
5tgLkUlAmTR9FhOzVVfIJS,0.348,0.477,-9.567,0.188,0.785,0.0,0.104,0.181,175.167
1CDysfnZvwKEFeTttetFIN,0.58,0.247,-9.262,0.0617,0.742,0.0,0.137,0.136,84.794
0ERL0VyBfQly3GRTdMAMr1,0.657,0.689,-8.304,0.0317,0.0749,0.00949,0.667,0.488,144.92
4VtCXo8KrKPD3TbfypoGQf,0.698,0.607,-7.794,0.0337,0.607,0.0,0.144,0.557,87.489
7Mzaz8s8puiedwxzPAOcq8,0.703,0.697,-5.7,0.0358,0.0699,0.0,0.171,0.685,106.979
4WQrvwAyEuzybKibfAfnEI,0.694,0.601,-5.263,0.031,0.461,0.0,0.282,0.563,95.066
5ewK2ShXk38VrfE2jSK14P,0.392,0.69,-3.171,0.0782,0.311,0.0,0.124,0.359,163.865
7hfmW68tXy8x1ZMDj0kBTs,0.57,0.508,-10.471,0.0429,0.119,0.0,0.738,0.451,83.952
39Lw3dzozjO2o4hM302by9,0.676,0.85,-4.291,0.0376,0.287,0.0,0.205,0.712,76.509
45HHTHXv7gQ5q2r89ui2Fy,0.787,0.478,-8.761,0.092,0.566,0.0,0.147,0.649,79.029
41iOmLCJW8xjcuGwkcLhhd,0.841,0.441,-6.416,0.0547,0.87,0.0,0.149,0.457,104.075
5PmtPTXrLqgqQfqngsUqZp,0.834,0.402,-10.277,0.072,0.76,0.0,0.279,0.684,122.008
51bfXmv8J3Hhc2oxzLOme7,0.781,0.477,-7.47,0.0949,0.135,0.0,0.142,0.26,171.923
70Zo6N1w5N2dYaFHOy2xb2,0.72,0.526,-5.216,0.0524,0.609,0.0,0.285,0.196,98.042
0dOY7HTtl9OhlouW5ToZNC,0.712,0.558,-7.581,0.0768,0.116,0.0,0.204,0.316,90.014
2kHcMUgIqU3t87wjoGhrd6,0.691,0.741,-5.617,0.288,0.0868,0.0,0.109,0.318,161.917
0bIHWAGW7gahdRc4JP2Eup,0.591,0.694,-9.48,0.0597,0.315,0.0,0.472,0.51,86.001
1ISqxcKx6GHXjomB4NfkpF,0.851,0.615,-6.386,0.0474,0.0843,3.28e-05,0.312,0.781,135.975
20xJN09dBJBEImfp9NPdGb,0.493,0.356,-11.509,0.124,0.853,3.86e-05,0.104,0.259,175.891
1Rh9hc3Aiwoa5SqFQ38GCR,0.746,0.456,-8.188,0.0688,0.397,0.0,0.206,0.416,92.99
4uIUzjIyDv44ujfGxq71Nr,0.706,0.405,-7.433,0.0626,0.61,0.00146,0.128,0.115,135.099
6oF2soqgQMtooPKPfwvLuv,0.535,0.814,-5.822,0.0434,0.000988,7.31e-06,0.29,0.81,147.956
2A40QN4ZhgQkMUisMNCfKl,0.726,0.693,-10.811,0.0569,0.151,0.0,0.118,0.158,96.054
54yLpFYOoBrtcPCuPoQFmT,0.718,0.32,-9.478,0.0427,0.055,1.89e-05,0.0627,0.52,80.141
1oqMcfTIImKhsMvhjmav38,0.448,0.436,-6.733,0.0369,0.432,0.0,0.336,0.0584,145.454
1v7exhEYimYPHHV58YyYY6,0.603,0.73,-5.939,0.0342,0.166,1.09e-06,0.0887,0.477,148.047
69EFUUpuPqSQIjOXPWHwPs,0.465,0.269,-11.488,0.0524,0.753,0.0,0.108,0.27,90.197
1HIaWRjqQwq6ONlvuyLabv,0.784,0.478,-8.143,0.16,0.0707,0.0,0.286,0.33,91.994
5FBklZYUOHwoECfWqZKm5z,0.415,0.307,-8.155,0.0671,0.5,0.0,0.103,0.192,81.933
5L1eW2bt7pDbjhNLKWKom2,0.621,0.838,-5.006,0.0909,0.0416,0.0,0.347,0.329,103.103
7i486TulfhsAzMItM2zChQ,0.508,0.587,-7.588,0.118,0.391,0.0,0.311,0.305,171.827
54uPFCxWYiR7if8q7TAzeo,0.485,0.605,-8.401,0.0467,0.766,0.0,0.181,0.381,99.887
3VMK6tAjOT4INvBdZOtB9J,0.743,0.671,-5.79,0.212,0.105,0.0,0.238,0.477,76.501
3D5nCqvEqVuLIyTvMMZmFt,0.652,0.556,-6.68,0.0757,0.467,1.43e-06,0.114,0.471,199.982
0QHST6B9xjYappSPkG6M6V,0.608,0.634,-5.65,0.212,0.722,0.0,0.12,0.701,104.51
0Yjgmp2Hntqa3z5Wolmfaa,0.602,0.405,-7.157,0.0319,0.903,0.0,0.133,0.321,137.743
0IE8GLbz4rcS7wGq40eQhr,0.65,0.56,-6.719,0.0362,0.564,9.92e-06,0.397,0.561,95.03
7uy7ZDVB2E66cXEQJsC6Bz,0.737,0.571,-9.289,0.106,0.268,3.13e-05,0.147,0.836,174.968
6xniBg7UJ03jcyvOgfWVJk,0.573,0.559,-8.365,0.397,0.735,3.02e-06,0.125,0.62,105.037
1xY16wZWhPXeH2xJi29enJ,0.796,0.628,-6.776,0.0468,0.474,1.89e-06,0.6,0.902,124.97
5TNWWztSNO6ob9QwfLbBQu,0.821,0.423,-10.827,0.115,0.235,1.98e-05,0.12,0.569,159.869
64CMQ6ijSFHHGoRRIL7CSX,0.518,0.766,-5.358,0.0348,0.00658,2.82e-06,0.598,0.223,154.876
4dO4oVzvRrRRsJgaT4ORlM,0.409,0.504,-5.62,0.0448,0.76,0.0,0.344,0.499,169.244
7neh3zxtgTMy8sokYe5rt2,0.764,0.522,-6.747,0.0407,0.304,0.0,0.104,0.717,103.921
4KEDHEiYQYeZOsGi0ANzU3,0.723,0.499,-8.815,0.0413,0.343,0.0028,0.0924,0.413,152.959
1WeovbMrXQynSFyqOjz8AS,0.645,0.709,-5.61,0.0466,0.104,1.64e-06,0.165,0.649,89.871
1Q7HO1L7KO46VlMH8C3Abh,0.64,0.424,-11.221,0.0378,0.476,0.0,0.0851,0.387,123.006
1tRipF8otglG45CiFZ8giv,0.854,0.524,-8.239,0.0479,0.0207,1.01e-06,0.126,0.69,123.982
6fVazKhR05IQGpyTDnyd3L,0.657,0.387,-14.169,0.0782,0.508,0.0371,0.107,0.393,180.012
46XkICBNOmSKIwVh8ITZK9,0.527,0.884,-4.185,0.0571,0.0297,0.000149,0.187,0.18,148.065
53sJvusNFdlydkytlEbUJy,0.606,0.494,-8.995,0.0354,0.158,0.0,0.35,0.268,80.542
2RdREuezrUKCuCcCz5a7ZC,0.587,0.639,-6.883,0.0769,0.0924,4.53e-06,0.269,0.258,94.927
6laTBQ8WDaA1F3zPAaPY68,0.581,0.545,-8.585,0.0511,0.417,0.0,0.0731,0.628,127.291
3sIIMu9DJlBOJ8jt5UqICC,0.565,0.832,-5.245,0.0274,0.00602,0.0,0.177,0.372,149.04
05jgkkHC2o5edhP92u9pgU,0.378,0.391,-7.896,0.0362,0.747,0.0,0.18,0.208,167.571
3EMVljpsr9TPKYScAFQNJh,0.656,0.728,-4.319,0.0453,0.0464,0.0,0.395,0.467,118.045
6jNzsK1Ef8H2QcXjFUCsZV,0.577,0.769,-7.241,0.0466,0.124,5.58e-05,0.0915,0.649,163.931
0WOvSEVpUGkNufX0w0M06F,0.784,0.539,-8.148,0.0628,0.69,1.75e-05,0.0367,0.697,133.963
55cwGtYrExG7slEAor5jeR,0.741,0.622,-8.006,0.0395,0.137,0.0,0.106,0.47,136.014
7CRThl2cGDh1o9p3ivaLbG,0.67,0.621,-7.853,0.037,0.131,0.0,0.675,0.288,90.04
5WXzdoiXWoE6BDBIa9SSnz,0.731,0.565,-8.625,0.0337,0.0496,0.0,0.0787,0.177,95.009
6krUUNp4e2mIOzNzRIexdY,0.626,0.547,-8.287,0.04,0.588,0.0,0.129,0.313,77.506
26HQt3tNOagBa4Av5lftP2,0.855,0.485,-7.833,0.0686,0.158,0.0,0.132,0.59,120.106
68eM2hKgDfuGTIqZN1UZap,0.613,0.406,-11.801,0.0329,0.27,0.0,0.228,0.34,82.51
7LqZ1vcIKYdFYe5VhiePW9,0.755,0.537,-8.18,0.0389,0.215,1.13e-06,0.102,0.612,102.028
57PdidKlKLiTtyJapoN111,0.79,0.594,-5.073,0.262,0.233,0.0,0.0885,0.69,142.101
4DfEx6Gt5Hz3wLLl7KGVL0,0.783,0.578,-5.762,0.0351,0.169,0.0,0.281,0.616,94.056
2fcDYJrvdfMriHD2zGiHcX,0.688,0.556,-6.935,0.0908,0.22,0.0,0.128,0.584,167.892
2UdbN109XCUQO83jLIHUPr,0.641,0.623,-7.063,0.169,0.0914,0.0,0.0924,0.829,169.894
6L3edcpIILOq2wiPWnvlnL,0.771,0.593,-9.327,0.301,0.223,0.000205,0.112,0.456,119.848
2Tqvu6la5srS2Fz3pID1EB,0.846,0.336,-5.537,0.101,0.214,0.0,0.194,0.362,95.037
7fw47hoXPG24gh3i94F2pt,0.697,0.581,-4.33,0.158,0.266,0.0,0.166,0.865,139.933
7HUZWpelDfnkOc5PkDD8Sp,0.645,0.706,-6.221,0.171,0.0489,0.0,0.0872,0.828,176.073
3Q0ML7kvjcGOr9QnvfDz8a,0.678,0.747,-5.097,0.0335,0.0317,0.0,0.167,0.713,118.935
6Sjmx09ykOw95BvbbGH0cY,0.719,0.818,-3.888,0.125,0.0288,0.0,0.0966,0.776,93.941
1WdudtCCuMjsLNGgZwR1gd,0.612,0.598,-8.005,0.056,0.135,0.00423,0.106,0.186,179.965
05ztmc9JMq8pYE2GyY72Zd,0.727,0.438,-7.393,0.0546,0.423,2.83e-05,0.113,0.359,81.017
7z9TlbrDkEkwKAyScdDamy,0.631,0.72,-5.235,0.0407,0.0543,0.0,0.121,0.811,94.011
6sYsE2nsaH53AOaY1JuoCw,0.521,0.564,-5.642,0.0264,0.0375,0.0,0.111,0.153,72.497
1rjZicKSpIJ3WYffIK9Fuy,0.557,0.794,-4.954,0.0639,0.262,0.0,0.0922,0.752,150.0
3MZeBZsYFViZ5OchHkv7NM,0.667,0.713,-4.808,0.0285,0.0921,1.64e-05,0.102,0.698,115.048
0TujvmfSqowyT2OiimLaBY,0.671,0.563,-3.871,0.193,0.307,0.0,0.115,0.574,80.009
4etUdOH5dWmMRFXWXAKVf6,0.644,0.85,-6.123,0.0394,0.0451,1.37e-06,0.11,0.867,150.042
3hiGxQh6Y6tT7ziFTW7pKQ,0.692,0.733,-5.351,0.0459,0.174,0.611,0.309,0.484,138.024
3Lnng6IQr5r03XweHyP3NI,0.414,0.613,-7.302,0.303,0.0912,0.0,0.112,0.662,78.76
4hO2oP5JnkSHHBdLEPRWcV,0.741,0.677,-4.906,0.0846,0.0531,0.0,0.0754,0.935,80.979
1ThCNuemxsvPQqGn3UNmOB,0.459,0.55,-7.096,0.0566,0.0171,0.0,0.0858,0.384,172.895
7MTHpsxtKVJaBL6e9WXzqD,0.565,0.517,-7.872,0.0412,0.0168,0.0,0.189,0.227,147.623
60k3N3B3KOtZhcuoz293yu,0.576,0.888,-3.516,0.0424,0.026,0.0,0.0179,0.894,127.084
0dl6Ep0qNsLmPjS5Vk0i5T,0.511,0.803,-6.138,0.105,0.0534,0.00657,0.104,0.31,159.934
72iHF8yVgrCWEB76Lwxy7T,0.758,0.42,-7.518,0.0525,0.313,9.98e-06,0.199,0.52,95.0
4A1GjAsAWjxBV4rzgOAOxR,0.612,0.71,-6.754,0.0323,0.0235,0.0,0.178,0.442,119.945
26MJjeJ0NSOQDKeZzrEFMl,0.522,0.251,-12.626,0.0603,0.871,0.000258,0.0769,0.303,137.366
4sSo8hmQ1g7qt1iE1uMRDr,0.638,0.371,-10.187,0.0367,0.66,0.000629,0.151,0.331,124.827
7bbvYylFKPxDtrapz4FMqH,0.462,0.705,-6.747,0.0503,0.0497,0.0,0.2,0.702,183.819
5dHfNQUBWMbjn8NeRNUPgW,0.795,0.294,-12.49,0.219,0.71,0.0,0.145,0.468,127.93
1d9oDul6R1652oYAG2h3EV,0.587,0.333,-9.557,0.0239,0.603,0.0,0.365,0.636,95.01
7f4bsFFcKOU7ysIPjj0yCj,0.581,0.459,-8.855,0.0781,0.436,0.0,0.171,0.531,180.221
5QDTEyPqiweKHvz3Ree0gu,0.785,0.874,-5.244,0.0779,0.201,0.0,0.107,0.897,127.999
0WFryfbNKPXVtVQlz5dZ8H,0.516,0.254,-16.027,0.0589,0.816,0.855,0.189,0.304,56.829
793pY16A2YqBrsmdyagExY,0.36,0.378,-6.391,0.0387,0.642,0.0,0.132,0.246,172.693
4QcfHUpGxGGKh7VIVs3LYI,0.596,0.761,-3.006,0.0356,0.0628,0.0,0.0973,0.235,119.882
16bUrhFWwaQNvAT6OPP4eU,0.468,0.843,-5.564,0.0681,0.0311,0.0,0.213,0.628,178.145
6HLtZhPygF6XrLVLkkaEYC,0.652,0.45,-8.03,0.0361,0.817,0.0,0.121,0.427,152.979
0ZImVxesVZIydOnwTMSWOK,0.649,0.74,-4.759,0.0617,0.02,0.0505,0.104,0.203,120.962
523f4oSjrZx83XDtRLnsIw,0.269,0.373,-7.113,0.0371,0.15,0.0,0.129,0.321,202.899
2DRNRBJr2L3kw9Lj0zTLC7,0.798,0.382,-11.972,0.333,0.0743,4.58e-06,0.272,0.0553,84.017
6ggnCrgAmG5Kr3GZdIWJSy,0.426,0.488,-7.511,0.0478,0.0197,0.0536,0.115,0.299,158.728
1D0oLiTdlCpqxHUOa2unQO,0.62,0.873,-4.392,0.205,0.0116,5.56e-06,0.183,0.737,160.228
10NW8k1ENTGQpYNsm7n5Ri,0.651,0.94,-4.644,0.0333,0.0137,4.84e-05,0.407,0.875,119.962
1uJOd1xfDBljmN1sK11LIY,0.536,0.788,-4.839,0.0601,0.000369,2.05e-06,0.463,0.694,170.128
1Lbs1Zk4Ok2U6tv77yd5zn,0.738,0.751,-5.555,0.0314,0.222,0.00569,0.168,0.846,122.933
6yeTjAjZRfG2h1z4TUBhXt,0.691,0.786,-5.332,0.0741,0.0379,9.55e-05,0.111,0.943,151.987
1qrREVkhQzt8vFidmL6z02,0.744,0.789,-5.808,0.0985,0.0112,0.00392,0.068,0.773,92.512
1rWEtyS5FNzNASN7hXutxT,0.496,0.493,-9.22,0.0325,0.846,2.1e-06,0.118,0.646,169.993
1oPd8gfPWu6zeKQX9flbpk,0.684,0.506,-8.23,0.0292,0.227,3.61e-05,0.0969,0.398,107.056
7MkuS8AFINi35mvvvpf63M,0.616,0.651,-5.754,0.0332,0.0469,0.0,0.223,0.6,105.675
2ANcq7Zr2TTVO4XOQF41QM,0.623,0.138,-11.914,0.0859,0.941,5.95e-06,0.095,0.633,181.387
181PmaC6c39r59gfhDGKdh,0.69,0.728,-5.684,0.0323,0.0173,0.00132,0.175,0.658,117.013
4Tz0O4ptsHj6ERTBcKnmvl,0.765,0.817,-4.968,0.104,0.338,4.03e-06,0.166,0.911,144.019
4Rc8EXnq3AUZ5lziyRTpYV,0.653,0.705,-8.73,0.0464,0.158,0.0,0.119,0.599,105.935
6Of8JjVMH3T5XopI4ahk6o,0.552,0.492,-7.351,0.0255,0.0396,0.0,0.104,0.333,84.006
6F5HvghgC6KtmClffmnpaz,0.789,0.536,-7.147,0.045,0.685,0.0,0.0895,0.421,109.98
26FuBmI70i0mXaKTST6Bz4,0.701,0.786,-4.869,0.0353,0.00925,1.43e-05,0.0396,0.947,122.007
5CcfIvFHULvnM0ST4nzRRN,0.685,0.435,-3.979,0.0277,0.421,0.0,0.19,0.398,102.91
4JBiO7wRnE6ueszEUpo347,0.359,0.615,-3.906,0.0473,0.0619,0.0,0.102,0.311,183.431
5uSFGgIfHMT3osrAd9n9ym,0.437,0.746,-3.537,0.0846,0.255,0.0,0.37,0.688,203.835
5QNWATWEQiM9S7rsFUu0Ns,0.586,0.822,-5.721,0.269,0.0396,1.74e-06,0.321,0.587,126.127
1xAZJiv1uUPtHIysyIYplY,0.724,0.389,-11.415,0.0387,0.922,0.00352,0.157,0.149,119.989
28a0aMV1OKoyNiCJuNsWrY,0.584,0.576,-4.557,0.0519,0.507,0.0,0.212,0.432,170.026
38tKvVe3iURKRFm5X50zLZ,0.602,0.493,-5.695,0.0443,0.825,0.0,0.364,0.281,128.577
6XqRTErvjW80UBdVSXE6VG,0.674,0.455,-6.684,0.184,0.632,1.58e-06,0.0961,0.696,169.902
6E6kp718znLEkShrv1JCO6,0.707,0.49,-9.014,0.226,0.409,0.000211,0.12,0.617,79.516
5FPSUR4mfKAz1YIY0Fjx0L,0.809,0.43,-6.873,0.0501,0.627,0.0,0.124,0.602,119.0
6CtXIhcQIt0XUVcbiMY5qv,0.666,0.372,-9.339,0.0464,0.606,0.0,0.156,0.503,73.053
1EdMd7haeOXqaB6CZhFgHb,0.765,0.125,-10.924,0.0538,0.892,0.356,0.0997,0.528,59.999
5iYBQHh7q9rZdXd18l3nfW,0.786,0.556,-6.714,0.04,0.186,0.0,0.0946,0.469,119.965
67jW8IY5DRK3y5J32sUoeB,0.62,0.195,-13.592,0.0547,0.848,0.0,0.123,0.251,59.97
1KQc37jezhunxnOPhvdwSG,0.742,0.527,-6.892,0.0769,0.327,0.0,0.25,0.638,84.974
1Y3LN4zO1Edc2EluIoSPJN,0.551,0.55,-5.339,0.0286,0.777,0.0,0.202,0.342,101.19
4v7IE994aBZEjlo2tzZnhQ,0.691,0.63,-6.478,0.0635,0.171,0.0,0.236,0.738,98.122
2CSIaNW4XemWquBPsutIAn,0.78,0.252,-16.24,0.249,0.627,3.65e-06,0.268,0.0763,140.006
4JfMlJsDGIu1bVOYUnUYYH,0.539,0.787,-6.03,0.364,0.135,3.74e-05,0.143,0.692,80.449
6LaZbE7vgebdOYGBOHuqtE,0.809,0.584,-8.844,0.365,0.541,0.0,0.115,0.792,82.035
0bNILbEBHemW4Uv5KHv7Wl,0.66,0.441,-6.238,0.0268,0.637,0.0,0.102,0.217,106.919
1nTzXNZCnZ0T7S8BqkL98r,0.801,0.683,-6.971,0.047,0.0982,2.53e-06,0.269,0.445,97.011
1sx0XsWUusUoPstbvokZjP,0.731,0.626,-6.919,0.0805,0.125,0.0,0.183,0.862,82.488
43MucIWRjbzSiX0jqzSTHc,0.788,0.473,-7.122,0.0893,0.164,0.0,0.151,0.687,125.989
2wJ1eOCIBwoQiN7xQtrTAY,0.673,0.729,-5.664,0.029,0.000983,0.000107,0.226,0.482,112.535
7FGDL2pk8qcJDAvn4BF3Al,0.539,0.338,-8.693,0.0299,0.911,0.0,0.106,0.247,99.786
2kZSry1RFeI8IzFk0RTr0y,0.524,0.401,-9.94,0.191,0.677,0.000352,0.159,0.264,175.962
6N48IzAbAUnXrUVmrmAQ8e,0.607,0.866,-4.352,0.0598,0.00771,0.00031,0.0873,0.35,130.034
40OH64bvIWr34TrPhYOQID,0.294,0.705,-7.263,0.045,0.147,0.0402,0.0704,0.0825,175.013
6038Cvhp6oJGW8jd9MqUdp,0.665,0.561,-7.652,0.0337,0.404,0.0,0.117,0.68,90.991
3WxmlTZ85sCYFnuIXmUAEe,0.826,0.188,-12.181,0.0883,0.882,2.83e-06,0.103,0.205,130.022
3GYlZ7tbxLOxe6ewMNVTkw,0.412,0.236,-15.159,0.0379,0.83,0.00653,0.147,0.119,140.214
1X8RhlbSCF8eqmZ3IrEy1Z,0.465,0.785,-4.332,0.0404,0.00477,0.0675,0.041,0.299,120.077
5ImhZkiz2hfXuKkkPgN6xj,0.683,0.54,-6.901,0.0359,0.0488,0.0,0.137,0.645,115.09
5gCE2w8Qbyu6IJkVIIu7Lv,0.728,0.681,-5.639,0.0485,0.00973,0.0,0.225,0.971,137.009
595BZxt2BfMHilwFlgMRQW,0.833,0.621,-8.237,0.0826,0.255,6.28e-06,0.0391,0.797,120.002
5DKcc3WxMwE7JB1IxCrdrs,0.942,0.365,-12.766,0.47,0.151,0.0,0.108,0.622,120.016
37CgKagyeC2Ze47UXZ2zgj,0.678,0.709,-4.155,0.0564,0.443,0.0,0.0972,0.384,167.074
3YW5bYD1iD9pqqGcbyDVuU,0.786,0.335,-9.602,0.18,0.802,4.74e-06,0.396,0.633,75.02
7gcKyKP2O2RO9YwtPDgDSP,0.37,0.559,-5.589,0.0526,0.186,0.0,0.121,0.316,162.816
1aOl53hkZGHkl2Snhr7opL,0.4,0.641,-6.303,0.0674,0.214,0.0,0.0656,0.393,81.552
1lDsE2bhg4iR7TAFYkBO74,0.604,0.815,-7.747,0.0395,0.0192,0.000208,0.108,0.219,146.906
5295DzrqA8A1zCgyESsDeD,0.608,0.498,-10.013,0.0544,0.567,0.0,0.344,0.357,160.046
4FSIfpGQEdJsLXIbufqvOo,0.54,0.82,-3.848,0.0437,0.188,0.0,0.0724,0.465,123.991
4bYwK4mvWubnAkCextxH2d,0.615,0.674,-10.677,0.0415,0.438,0.0471,0.116,0.674,151.034
5imUsSGjd1ok68w4HXh1My,0.792,0.659,-5.796,0.102,0.602,7.06e-05,0.0543,0.621,102.985
7AWNMO3zZqQu9R5dzNTgu9,0.895,0.56,-7.025,0.062,0.0439,0.0,0.133,0.416,133.01
2DBnavN8wezUzjkq86PdqA,0.703,0.537,-6.949,0.194,0.49,1.17e-06,0.112,0.343,96.038
0IG5XbfIiXFKH1P5IQ7sfZ,0.543,0.327,-9.61,0.0256,0.778,0.0,0.125,0.238,92.19
32CI7k65hOmt0wGct0hRSv,0.775,0.628,-10.002,0.0861,0.283,0.0139,0.107,0.161,149.964
1e5ha2rmASdXLupWKEhzHp,0.582,0.322,-10.042,0.0322,0.724,0.000131,0.314,0.277,78.908
4UVp2XD2Z9F2aY9vLlKwhv,0.806,0.609,-6.378,0.03,0.00453,3.33e-05,0.123,0.706,113.982
7cyNeIlVRz9WnRHxzTTPlI,0.628,0.387,-10.002,0.0508,0.612,0.0,0.177,0.351,96.044
5uJMJUZUIeLWnxrPOzb8p9,0.705,0.352,-12.125,0.0353,0.907,0.000703,0.106,0.275,103.324
6Nw8yJrwuuGalE9FPejPuZ,0.577,0.624,-8.921,0.027,0.47,2.77e-06,0.107,0.334,94.997
4c70PG49Nuw2LKaMwECqvv,0.616,0.665,-6.883,0.0461,0.187,6.29e-05,0.0958,0.37,140.031
458EaCXcB9TRBoJEDVcdcr,0.65,0.462,-6.587,0.089,0.366,0.0,0.159,0.649,89.887
4By9kkp1R1TSmAMckSM3KO,0.618,0.63,-7.244,0.0406,0.209,1.71e-05,0.0622,0.592,155.035
604kHji9ue7gWmomcPTnuk,0.706,0.644,-7.772,0.0318,0.14,0.0,0.154,0.603,120.002
1H2HqAQw4sDHQiZQDvsAYd,0.605,0.702,-6.587,0.0496,0.0312,0.0,0.0596,0.631,94.949
4BIuY0oEopXizyP3WvkNrT,0.697,0.515,-6.335,0.0502,0.0576,1.81e-06,0.294,0.37,95.086
7HieNXpvYAg4bR7GeA3fxw,0.761,0.544,-8.037,0.0607,0.0741,2.02e-05,0.139,0.845,130.925
7flrjP7Dag40j2Fw8TX4iC,0.515,0.726,-5.309,0.0786,0.000619,0.0,0.131,0.513,175.898
3gXS1kwhHCpIm6KjpoXWSr,0.897,0.387,-6.941,0.0511,0.511,1.34e-05,0.109,0.839,118.899
06P3vqeAdm1CT3WA2tKR6t,0.517,0.603,-8.487,0.0545,0.0651,0.0,0.18,0.306,101.114
5mwYFRjOkhmdbuCiTrM6iR,0.626,0.384,-8.266,0.0281,0.797,0.0013,0.167,0.362,144.118
6GXLx1UTv1BHZE6VQ3hfwP,0.727,0.245,-11.852,0.0665,0.785,0.0953,0.181,0.263,101.999
62xcmMgSy9RudCScaVASWI,0.625,0.496,-7.405,0.0523,0.413,0.000962,0.0975,0.265,160.028
1MXfyXi4OdU0WMhgZM6tLR,0.493,0.857,-5.674,0.0605,0.214,0.000273,0.331,0.243,170.046
3kNC4RXL1bGLzeLIL4e30X,0.665,0.57,-6.896,0.0341,0.066,2.98e-06,0.0823,0.396,95.983
3v5p3Dp7FbFTyWCbtWuYMi,0.551,0.271,-15.378,0.0419,0.622,0.000178,0.408,0.206,79.962
5nBkG6yeAn3v9CsLlRBis7,0.604,0.446,-7.27,0.0385,0.458,0.0,0.0988,0.408,78.961
1e4K9IrNnjWhGXRAcwMQVJ,0.694,0.346,-8.73,0.0376,0.173,0.00189,0.288,0.536,170.035
5W1UtLcQLQOFZDpDeNn8Gi,0.62,0.537,-6.462,0.0263,0.163,0.0,0.13,0.41,92.998
5GpYt1p4z2EPVKv5t7XDof,0.483,0.321,-10.401,0.0719,0.82,0.000107,0.128,0.148,141.28
2PWTZV5znjLtZC5T1EVJvL,0.422,0.44,-5.53,0.0544,0.617,0.0,0.0837,0.332,128.934
7zFtgo8QMmJQj6dWKrtQwM,0.923,0.44,-8.771,0.0442,0.0868,0.00188,0.37,0.581,98.97
2LKOHdMsL0K9KwcPRlJK2v,0.585,0.595,-10.444,0.0328,0.0696,0.266,0.0837,0.039,140.037
5IXdkgrT4lb9sKIb8tbOQ3,0.62,0.814,-3.192,0.0911,0.306,0.0,0.0977,0.654,92.714
1gKDstFnwZNgvrE01YG7AA,0.743,0.55,-9.322,0.0959,0.216,0.0,0.128,0.285,87.973
3X4sErWRnQCmhhZMGv6r51,0.764,0.296,-14.544,0.269,0.923,0.00141,0.168,0.231,103.075
5odlY52u43F5BjByhxg7wg,0.515,0.593,-4.801,0.0322,0.653,0.162,0.25,0.153,94.467
5CO8EbwcxnvA28O7NCDKfJ,0.403,0.714,-5.38,0.0525,0.0611,0.0,0.251,0.342,143.248
4BS25ivHWfwPJOmOJrt8VX,0.713,0.7,-6.442,0.0572,0.57,1.9e-05,0.093,0.511,104.982
34zGQYd2m6vuhXya2s1B57,0.523,0.831,-2.931,0.0468,0.000224,0.0211,0.0905,0.403,130.966
2JJlBx1s32BfeemkBitJEW,0.508,0.866,-5.041,0.0594,0.0082,3.59e-06,0.563,0.47,170.062
5iJzSaKVGOWGJwN2So6vWF,0.549,0.605,-7.957,0.0957,0.259,0.0,0.326,0.566,170.031
2iz4FVeDtjOoTIhPC4C76t,0.679,0.588,-8.174,0.037,0.361,4.92e-06,0.033,0.82,72.528
5bFg6rdrEWuuc1D760jbcg,0.362,0.54,-6.031,0.0528,0.338,0.0,0.139,0.3,78.007
33vZRjxJScapmRShRJq8I0,0.667,0.593,-6.016,0.0432,0.369,0.0,0.112,0.458,95.947
5SCBS0esfqeL54ZCw6Revb,0.541,0.76,-4.352,0.0397,0.0235,5.54e-06,0.162,0.831,82.016
1yAGTxqoYkV7JvdQi3Af6c,0.537,0.434,-10.41,0.029,0.628,3.65e-05,0.0966,0.0698,104.893
1qpGMJi0ippCaMUOs7cz2q,0.326,0.369,-8.003,0.0272,0.168,0.0477,0.111,0.0776,110.046
7mykoq6R3BArsSpNDjFQTm,0.49,0.738,-7.399,0.0367,0.00237,4.58e-06,0.0851,0.126,124.966
4mn5HdatHKN7iFGDes9G8i,0.751,0.74,-6.016,0.045,0.152,5.75e-05,0.0873,0.788,138.066
4cj8mBo8T6BmPIWs6g7RNV,0.613,0.637,-5.905,0.0471,0.151,0.0,0.792,0.608,150.058
1NCMSmqBGRHY3UcvRzVxOT,0.707,0.6,-7.358,0.0452,0.213,0.0,0.172,0.609,76.997
72BIYdOmoytW14M7BQYyZu,0.462,0.394,-8.402,0.0271,0.669,5.5e-06,0.134,0.286,100.692
1gpBDeONibvJyQYEv5HJh9,0.514,0.881,-6.52,0.0629,0.0381,9.55e-06,0.103,0.577,87.541
3M214U0mwSm041GsQR3nrO,0.609,0.619,-5.677,0.311,0.749,0.0,0.264,0.689,179.71
5ubG9w0UF7rCL5mkWVMcRJ,0.76,0.574,-8.825,0.286,0.592,0.0,0.101,0.651,119.9
2r0pJWxAyYVQTHTwcnbM8A,0.67,0.756,-5.695,0.075,0.528,0.0976,0.261,0.707,100.083
7zTTDkkLkJ2iHAqq1daDCr,0.689,0.463,-8.121,0.0365,0.066,0.000152,0.145,0.864,86.998
6llEdJDzgf748LMz3j49ps,0.519,0.873,-4.191,0.0521,0.0293,1.52e-06,0.343,0.495,149.074
2x8evxqUlF0eRabbW2JBJd,0.654,0.828,-5.377,0.0281,0.00146,0.000144,0.122,0.79,112.056
3JiaA3hvuKu4Fjf6AWwVMX,0.603,0.601,-9.159,0.0913,0.44,9.83e-06,0.436,0.403,146.067
5ZEc110fxhvZTkIxnBC8hD,0.744,0.346,-13.948,0.318,0.872,6.2e-06,0.132,0.375,90.076
6CK9voJ0BvIhWUjZAqg2f3,0.732,0.435,-9.249,0.0459,0.147,7.39e-06,0.372,0.379,92.015
1BCXUbnU0486n4eeTyyVIj,0.698,0.623,-7.845,0.037,0.623,0.0856,0.179,0.625,102.002
4nrDn3HEdKn524GrOSAll8,0.753,0.662,-4.25,0.0702,0.205,3.66e-06,0.0851,0.466,94.958
520k3n0rxcCBZypLNJYxqU,0.631,0.42,-8.034,0.0356,0.00858,0.314,0.101,0.166,140.103
7HK7IsqsiOk4LQSpBZ0Hq3,0.731,0.608,-8.876,0.0359,0.00552,0.000388,0.103,0.305,96.0
1No2CqopteR18XVL4RJHNO,0.783,0.599,-5.688,0.0441,0.0445,0.0,0.108,0.611,113.97
16Fxe5DvEXRxQwcorFyaIO,0.843,0.429,-7.023,0.0928,0.642,0.0,0.274,0.71,132.91
0CnKH5T5T3bAbpQnFCehvg,0.846,0.743,-6.328,0.0832,0.0316,9.54e-06,0.0888,0.795,111.974
6Vj7vdW5jrjDaXT2NU5y5d,0.578,0.472,-7.41,0.0318,0.00891,3.84e-05,0.0945,0.223,71.045
3lLWczQgBellVnVUOxYmib,0.633,0.614,-7.371,0.0269,0.0611,0.0036,0.774,0.541,99.966
41mclLjggl2nmbYpRisKrh,0.641,0.365,-11.763,0.027,0.43,8.23e-06,0.297,0.348,134.881
1fu5qkCu7pml0LGbSxgRQ6,0.777,0.351,-10.366,0.0591,0.133,0.00755,0.0747,0.412,75.976
0hBcouNfrzfZVYTyhLoYfF,0.689,0.448,-9.191,0.0364,0.983,0.877,0.12,0.13,114.065
1EQ2HhWxs0xCClQER8uSh0,0.736,0.71,-6.546,0.0498,0.145,0.000373,0.524,0.843,140.032
0bKJY8itfD85l2ij3a7hgq,0.542,0.422,-6.87,0.0643,0.111,0.0,0.153,0.538,69.179
27RDHPogNiOiPshJZ2cEVT,0.529,0.434,-8.844,0.223,0.302,0.0,0.111,0.603,161.963
72a4eThxIswp5WsW69GF3k,0.587,0.789,-4.661,0.0422,0.353,0.0,0.285,0.467,90.062
08HGey7e94Ez3ZurG1IXTP,0.768,0.488,-6.278,0.039,0.522,0.00358,0.108,0.631,102.002
6xGruZOHLs39ZbVccQTuPZ,0.44,0.317,-9.258,0.0531,0.891,4.78e-06,0.141,0.268,169.914
0zRezEuKtaAXHcB4eruwi2,0.587,0.548,-5.846,0.0339,0.396,0.0,0.109,0.713,186.073
1hhMX7QQIhBsXjFmTK7owB,0.53,0.532,-5.957,0.0569,0.111,0.0,0.188,0.536,71.797
4hYTiJcNgQLXi4556RAr7L,0.498,0.613,-9.674,0.487,0.513,5.45e-06,0.131,0.217,75.077
1d9Ve8caYURgqYEVuEHMww,0.855,0.254,-13.551,0.0664,0.837,2.44e-05,0.527,0.378,118.006
2wkIdVB8HsWyMur3Q4shlZ,0.435,0.481,-8.787,0.0327,0.871,0.0,0.136,0.38,77.398
46LAHXpuIUZ5kR7AyQ1qmd,0.516,0.323,-9.688,0.0716,0.489,4.82e-06,0.189,0.386,159.861
0TmYy4GQ6KM56UzP8yhYRA,0.519,0.637,-7.08,0.0558,0.221,0.0,0.275,0.371,95.056
3NnvYEb93CrTVBssPtSCt1,0.317,0.378,-11.107,0.0302,0.815,1.06e-06,0.125,0.127,67.721
6dquCx5KAW5jCgGgoTlghL,0.806,0.567,-7.165,0.0507,0.629,3.35e-06,0.128,0.643,130.005
0yowbJnnbTLpr99f9l1uba,0.513,0.369,-10.899,0.0307,0.634,0.0139,0.186,0.311,72.062
63hcZI0I4dinNwIevUADXm,0.776,0.3,-9.614,0.0641,0.845,0.0,0.168,0.719,128.817
3eLfICfDzCQrP8pOajVGiJ,0.614,0.693,-4.976,0.0535,0.0503,0.0,0.287,0.951,168.06
4pieC53Jx9LsVLnoPSGMMk,0.568,0.78,-4.988,0.0809,0.238,0.0,0.856,0.86,199.785
4djIFfof5TpbSGRZUpsTXq,0.598,0.888,-5.119,0.0807,0.00947,0.0,0.347,0.482,103.966
0VF7YLIxSQKyNiFL3X6MmN,0.512,0.483,-7.798,0.0298,0.00304,0.0011,0.12,0.367,160.009
3dmsQjlbcyyn1IUo9dSAJE,0.759,0.549,-8.344,0.0384,0.335,0.0245,0.115,0.809,153.008
19YOJKCVvOL7v6B2Oe3UBc,0.627,0.565,-6.922,0.122,0.537,0.0,0.214,0.514,131.083
1tNJrcVe6gwLEiZCtprs1u,0.815,0.518,-6.594,0.0897,0.223,0.0,0.104,0.877,151.891
6IDtXERmwFKkcGObIvsnqU,0.904,0.526,-6.806,0.181,0.00793,0.0,0.11,0.434,91.009
3QMZGXdNewk52iwV5Qpb1E,0.672,0.648,-5.964,0.0308,0.00486,3.74e-05,0.212,0.627,128.004
6FH6fmlh9DbvssuEQyQEVd,0.349,0.545,-6.073,0.0352,0.105,0.0,0.153,0.209,104.477
2DRLpcA0XTBRt2T2IRUHJO,0.791,0.657,-5.92,0.0818,0.132,0.00359,0.129,0.583,104.981
7hu1jbKiv9hHkjeeZ1L1TB,0.516,0.616,-9.584,0.0402,0.526,0.0318,0.111,0.792,117.905
0nEsLR5KTySCO9CfyC2yjg,0.669,0.452,-8.842,0.0517,0.5,2.73e-06,0.119,0.279,97.992
6JJgmmfMsoGTzwCe2f2K8u,0.694,0.653,-6.028,0.0379,0.167,0.0,0.136,0.865,130.012
5BJjtA7s7nEzg7zsCYnYuP,0.75,0.608,-4.312,0.038,0.289,0.0,0.107,0.435,125.017
65j65yDSE06CNKAPjsHoJt,0.587,0.724,-6.775,0.0321,0.617,0.000168,0.157,0.837,106.994
1xSmjB0t19q4CSJ0X0ymGB,0.826,0.745,-6.091,0.141,0.13,1.32e-05,0.178,0.883,119.92
1170VohRSx6GwE6QDCHPPH,0.329,0.444,-9.973,0.0417,0.0578,0.0352,0.113,0.225,162.279
1y8ooe9Zr1PMIxrOwNeeOi,0.387,0.745,-6.226,0.184,0.0186,0.0,0.359,0.449,161.873
0BNmGdxb8St6XZF4kYAQsX,0.731,0.356,-8.196,0.113,0.61,0.0,0.152,0.421,137.661
4WdDXnj1AxoRpuX7eEvFCh,0.483,0.414,-9.115,0.0385,0.629,0.0158,0.263,0.189,99.042
6rgMOrZmsa3eKZfRSw1587,0.867,0.522,-8.06,0.0388,0.289,0.0,0.0948,0.788,99.972
7I8fc2jrGKXtlWFYrV9ZIq,0.668,0.762,-5.508,0.0614,0.263,0.00208,0.0974,0.496,170.033
680zYKb3aXQEwCS9hzfJpo,0.754,0.555,-5.161,0.034,0.0206,0.0,0.0645,0.501,111.052
5AMe0pqbUp4HR6Vi1ngYLW,0.827,0.688,-6.998,0.0349,0.0678,0.578,0.1,0.613,140.972
5VXDmiV2pC2KY2N60oKz4B,0.67,0.665,-5.47,0.104,0.0293,2.19e-05,0.101,0.694,161.99
59vFo6e02gldv120uiOFoJ,0.899,0.611,-6.906,0.286,0.11,0.0,0.208,0.722,105.043
31wkOICyh6BgHHyPgbBz0D,0.539,0.687,-7.055,0.0707,0.299,0.000191,0.405,0.343,150.139
5myjSxfvS8pzSMK3jJcfIL,0.872,0.52,-6.928,0.0618,0.715,0.0,0.0982,0.736,131.918
5gukv8x9eP58gFy2OcZEBQ,0.534,0.493,-6.818,0.0316,0.286,0.0,0.0889,0.232,79.97
2JN3ugW1cEahbYw0I5mw5U,0.474,0.343,-8.571,0.027,0.578,2.65e-05,0.305,0.152,145.115
6bOd4UM7FaQOZXR2MBzSPi,0.273,0.517,-5.853,0.0313,0.0801,0.0,0.0984,0.16,168.213
3rPVtXLBfJz59U1LgrGHhb,0.523,0.302,-8.868,0.035,0.848,0.0,0.127,0.172,130.47
6VZXTCIXbgypt0erc2U1Uk,0.663,0.66,-7.802,0.0501,0.596,0.00156,0.331,0.483,142.009
0iNZGC211wst3VjtobNnC5,0.326,0.397,-8.145,0.0461,0.619,0.0,0.0979,0.276,153.713
3SWGtKHaCFEUqfm9ydUFVw,0.614,0.81,-5.184,0.0926,0.0101,0.0,0.0832,0.605,171.09
6I3WzWQJ4U8KFAASUUEZGS,0.557,0.583,-4.127,0.0308,0.124,0.0,0.187,0.215,95.349
07s5wOe2qlyWWsf5I5gRxd,0.672,0.681,-7.281,0.161,0.137,0.0,0.0893,0.38,115.048
5rqQv5jUcg58xsi1nuZDl9,0.662,0.626,-8.3,0.221,0.736,0.0,0.27,0.321,121.828
2LFprH1a4nNvmYha55xhj6,0.736,0.593,-8.405,0.0378,0.0151,1.2e-06,0.0562,0.612,121.996
1NfqGbaWcZLor12cITE5Fv,0.415,0.585,-8.958,0.0761,0.0384,3.5e-05,0.328,0.554,160.292
25gacl0dFF9HTclx7Ug7xC,0.733,0.382,-7.955,0.0459,0.132,0.0,0.162,0.517,98.027
0jUyYa9U2ZF7IdXj3jtZkn,0.556,0.278,-10.196,0.223,0.892,0.0,0.0827,0.261,104.168
58iCq0hR2Emv6DZNxj7mGa,0.676,0.711,-3.419,0.0677,0.33,0.0,0.0716,0.385,123.08
5SA0oq2jOKXzqP5IJGE1o1,0.486,0.597,-4.466,0.0923,0.0538,0.0,0.178,0.554,84.357
5Tm4PmN0Jt9oBWkoG9D8RD,0.54,0.441,-7.767,0.151,0.746,0.0,0.107,0.176,74.601
6F60b74ZZmKKoPTazoruP1,0.428,0.254,-13.608,0.0457,0.89,0.0,0.107,0.193,75.132
7F3peb2dMJbka7FWBocl8V,0.64,0.281,-11.622,0.0443,0.68,0.0,0.384,0.362,84.754
3L8rSiDZDmMDM8lUGLIii3,0.751,0.296,-13.1,0.0406,0.123,0.0,0.157,0.621,128.032
5DTDyrwRtbiAiA99xqQ7uL,0.777,0.467,-11.742,0.0492,0.101,0.00925,0.0795,0.292,94.991
2YFWdYtMJEgKKbmnIVNCpR,0.376,0.659,-5.166,0.0264,0.358,0.0,0.357,0.392,172.044
7fyVBKYJYMP42nNr9RFTAT,0.757,0.393,-7.942,0.212,0.788,0.000986,0.0501,0.715,77.985
2GugNvZQOy4e6fTO6ET4AR,0.571,0.224,-11.704,0.0646,0.696,0.0,0.103,0.506,108.526
5mGjOkemrKFhZo4UXuPe0A,0.557,0.396,-8.131,0.0343,0.327,0.0,0.124,0.162,138.998
4z5oQtsGsw37mdRzGz28Nn,0.569,0.586,-7.685,0.212,0.096,0.0,0.256,0.7,86.751
2K2Fn8vJzgGUG9JMmPFYC3,0.697,0.678,-5.683,0.0385,0.439,0.0,0.069,0.513,146.996
4cB00WOFuQFLoDpnydcx8c,0.616,0.469,-7.38,0.027,0.0167,0.0,0.111,0.233,135.035
3OYUuT8iujKMFUoeKrnhwe,0.487,0.432,-8.931,0.0776,0.712,0.0,0.15,0.392,161.855
2NcQic8JxdjAlAHuNbOIRE,0.721,0.479,-9.669,0.226,0.321,0.00156,0.182,0.902,164.948
6uvh0In7u1Xn4HgxOfAn8O,0.507,0.294,-10.0,0.04,0.896,1.97e-05,0.0966,0.386,114.199
1qEmFfgcLObUfQm0j1W2CK,0.714,0.728,-4.595,0.0468,0.298,0.0,0.106,0.901,114.996
5LYMamLv12UPbemOaTPyeV,0.72,0.715,-4.652,0.04,0.258,0.0568,0.107,0.357,107.041
3MTm8eZ2wCEtpyZqqhP6Dn,0.743,0.733,-3.029,0.0597,0.026,0.0,0.353,0.375,121.134
7aL34pRMvHtAy4OUdynAad,0.622,0.589,-7.99,0.0728,0.0851,0.0,0.151,0.228,160.055
4QvxRSI7FfFTzQ1sr6z9on,0.737,0.67,-6.448,0.0985,0.00474,0.0,0.0922,0.525,75.981
7mNKwOiURyRjMEMGxJQlld,0.692,0.501,-6.871,0.0569,0.273,0.00141,0.247,0.113,126.022
1tBTGM9KtbCZvt6EPXWGrP,0.67,0.543,-8.484,0.0356,0.0175,0.0,0.145,0.407,133.028
0DJpe2YsAIC5aoJ9kvVtwT,0.611,0.599,-4.909,0.0269,0.119,0.00122,0.121,0.101,80.031
2QKte1nUSkLiPkNN8EPudu,0.662,0.595,-8.249,0.0458,0.139,0.0,0.116,0.285,104.052
4F2OxwQFkM7rFhwuz4akT9,0.462,0.319,-10.438,0.037,0.5,0.0,0.11,0.325,137.51
63C9gvk9V2Qhipa73tegPS,0.341,0.519,-7.007,0.0615,0.223,0.0,0.271,0.221,189.764
1sTtlEZeVeeEnxEztJNkYN,0.551,0.249,-11.392,0.06,0.68,0.0022,0.112,0.257,156.02
4BnSXSI8r4kGy6JGiTJuJY,0.579,0.783,-6.4,0.0453,0.00979,0.244,0.116,0.69,165.057
6HJizCbaqaEQG1eLjn341Z,0.37,0.559,-5.589,0.0526,0.186,0.0,0.121,0.316,162.816
7jT85wl5941ChhrN8I8VfT,0.77,0.668,-5.982,0.0571,0.404,4.89e-05,0.278,0.769,98.134
2aZd0oQUnICyk3KYFbBaW1,0.455,0.537,-9.043,0.0482,0.078,0.0,0.154,0.291,165.864
0krkRFZHGqgu7aSRwjGu6Z,0.474,0.356,-7.045,0.168,0.413,0.0,0.288,0.347,193.996
5yU3w1RzMZpSWytWAU9iyN,0.811,0.622,-6.957,0.0935,0.194,0.0,0.128,0.899,94.995
1lcTe5gJ7MRlcLOv5BODr6,0.57,0.473,-7.504,0.0677,0.512,2.14e-06,0.1,0.632,162.082
7AYP21Q4qnxw2WxETEvSRb,0.34,0.684,-6.306,0.044,0.00979,0.0,0.348,0.556,112.969
4gxIOOQNMNCALqhN0WLNQM,0.316,0.0679,-10.589,0.0431,0.957,0.0,0.102,0.431,131.186
596S8SULzOE8dLIvoHlh68,0.625,0.511,-6.249,0.0456,0.537,8.59e-06,0.143,0.346,174.009
1u70gXN0eulrXoeZEiIXyv,0.609,0.48,-6.855,0.026,0.745,0.0,0.165,0.546,80.047
5PtOXZFJyXnXwj6gQ0PsuV,0.491,0.882,-4.469,0.414,0.521,4.43e-05,0.322,0.343,105.187
1jIMjbzcGCcCQn5iMu9CUc,0.713,0.442,-5.909,0.0604,0.739,0.0,0.112,0.546,108.038
7AX1eCw6qcX54PrDylynJr,0.636,0.527,-7.472,0.0414,0.771,1.3e-06,0.126,0.222,127.999
4qWQdhdHttXPKrQVqoLKMy,0.787,0.325,-10.412,0.273,0.323,1.31e-06,0.14,0.414,147.038
389KxeDYFxsl6tLycdBqLq,0.702,0.34,-11.75,0.0927,0.256,0.0242,0.116,0.385,145.034
1gvnmAf6mXyT8dsZmv5y70,0.769,0.543,-7.928,0.074,0.0114,0.0149,0.118,0.591,109.039
7eJMfftS33KTjuF7lTsMCx,0.726,0.431,-8.765,0.135,0.731,0.0,0.696,0.348,144.026
3wFxiKVkDXYVRSqwZsG2MF,0.654,0.404,-11.821,0.0279,0.773,0.000171,0.104,0.12,93.003
7BIKVXzlUT61p8AMUKpKdn,0.504,0.44,-10.503,0.0706,0.735,0.0,0.103,0.17,89.734
5NjVCNaYDFM0gCT1hES4dr,0.658,0.458,-8.738,0.0785,0.371,0.0,0.0958,0.29,91.914
7FBRbot28s840lOggjH9l6,0.681,0.504,-9.008,0.132,0.578,6.52e-05,0.12,0.576,156.145
6KVFBsfbnaFFa43i4k0cce,0.639,0.724,-6.346,0.0664,0.452,0.0,0.159,0.522,129.712
1w9L6dvttZalWd8XqFYvSa,0.678,0.716,-4.403,0.0342,0.196,0.0,0.102,0.627,109.981
3AqAt97gMCkgPQLd2WMNTR,0.752,0.545,-12.289,0.15,0.527,0.00259,0.0762,0.517,90.096
7mYrw8DN9vDg1c5qqpDboC,0.63,0.781,-7.819,0.0406,0.152,0.000247,0.289,0.188,100.052
1nIO7R7447n8aWH4QmFBHC,0.784,0.739,-5.832,0.0742,0.393,0.0,0.227,0.887,97.956
34dWm1UFgxScD98WST8RiZ,0.672,0.357,-12.462,0.0344,0.577,0.0134,0.19,0.174,119.976
0zms6rKU9lh6BbIrp1gDcZ,0.592,0.728,-6.342,0.205,0.351,1.03e-05,0.459,0.395,62.966
2DI4mFhCkWoVK5fyLv9q4v,0.748,0.529,-7.399,0.423,0.543,0.0,0.401,0.841,154.015
1wqMIMDciRUbSDZgfOA4v8,0.418,0.393,-7.611,0.0333,0.777,0.0,0.337,0.306,84.545
2JMFhHqiGQGyHqlfrpLJSO,0.656,0.384,-7.666,0.0715,0.837,5.61e-05,0.158,0.298,80.005
0vZhOON6GYVBxv6ZeeHyZ0,0.465,0.386,-7.674,0.14,0.489,8.86e-06,0.342,0.494,169.676
7MOWiF77FrR3DF6kphkER3,0.583,0.642,-9.843,0.113,0.618,2.48e-06,0.119,0.771,162.027
6fgjMZJlIACwYqC1b0yyiP,0.616,0.322,-8.997,0.0474,0.824,0.0,0.106,0.356,141.076
4IlzIqULsKpVz0b0kUbyO1,0.422,0.29,-9.702,0.0414,0.67,0.0,0.109,0.517,155.292
5HydZtPFOvbmqXiTcTFykW,0.672,0.628,-7.744,0.0516,0.0302,7.14e-05,0.076,0.651,144.045
3ZGQI9j7Sal0lMXeNlr0Da,0.762,0.643,-5.976,0.0321,0.0632,0.0,0.355,0.705,110.009
3PsCo1BHDVclX7yGa58jAy,0.573,0.291,-8.892,0.0727,0.921,0.0,0.0487,0.575,89.397
2zQ0BWsBnGckZt5PwW2Rrj,0.731,0.403,-9.244,0.311,0.4,0.0,0.173,0.549,72.585
1cR29lpK5mJIlajSpRqfNF,0.79,0.517,-8.734,0.0424,0.379,1.47e-06,0.0972,0.476,123.955
4BUT3VdNVghGtkktn6oAuY,0.61,0.861,-4.251,0.115,0.0141,0.0,0.35,0.775,138.009
5NS0xTfHbV8EQ83GBfFqea,0.778,0.777,-4.169,0.0392,0.00604,0.000131,0.0884,0.9,115.995
21dzN9GnrRDYB8PmYCNSeh,0.435,0.795,-5.413,0.25,0.0599,1.21e-05,0.0886,0.443,96.993
2Ey8ppll5MRZb4gzaWJGOw,0.803,0.417,-9.726,0.0771,0.552,0.0,0.122,0.379,138.129
57U1PB3FAleLul5wMj5dEZ,0.697,0.464,-6.019,0.0259,0.147,4.51e-06,0.139,0.667,89.293
1BSMpVGWs3v5BZKnAQziAc,0.69,0.626,-5.693,0.306,0.105,0.000335,0.0881,0.912,184.009
5L3VoLOjwPv7hPknnmYaeT,0.66,0.177,-13.461,0.0377,0.835,0.162,0.108,0.0699,82.974
7GFVTeKjOqzUHFDleIKSg4,0.555,0.311,-14.932,0.37,0.818,0.0057,0.124,0.32,170.128
0JyWZ4BrLIlvyJ5lt7HNM1,0.814,0.569,-6.726,0.0552,0.0103,0.00158,0.225,0.725,130.012
4IEQyPKZqZ6XQY8gSKko97,0.704,0.298,-15.968,0.175,0.377,0.0,0.127,0.331,131.928
55XRXhQeU25IwqVpjQqxkz,0.494,0.749,-3.309,0.185,0.24,0.0,0.126,0.271,180.228
5AsUMMM0euIPrmRrLfb7ly,0.622,0.483,-7.358,0.045,0.703,0.000257,0.119,0.18,145.083
3geXIEkfUTFnvxDqCdEBr6,0.765,0.567,-9.029,0.265,0.159,1.3e-05,0.427,0.516,176.018
3cOM1ACbDWaFUIasTjebEh,0.566,0.369,-9.181,0.0249,0.793,0.0,0.109,0.205,105.993
4Sk74gcXTe9dnE1HU5Pn1y,0.722,0.596,-5.072,0.185,0.414,9.2e-06,0.133,0.903,94.512
1wXqbn4OVaYBOhgj7Z4did,0.584,0.199,-12.263,0.039,0.964,0.000108,0.114,0.353,196.603
1NAWiOec7X7xTa24nXQFCG,0.652,0.261,-12.569,0.0404,0.946,7.42e-06,0.156,0.419,126.15
2DWuT8Xe7IeZK6feMqH7it,0.564,0.125,-12.253,0.0516,0.932,0.0,0.102,0.535,93.764
1vJKO2Phq0XB5MoZ6iMx8x,0.679,0.523,-7.36,0.0352,0.429,1.52e-05,0.187,0.287,120.032
5V03tsbEzYG0PmRrh3K4rF,0.568,0.402,-11.344,0.0448,0.787,0.000188,0.103,0.397,125.743
2769RhOZs0ezRncRW1vryp,0.509,0.498,-6.94,0.0315,0.413,0.0,0.0674,0.283,99.729
6XyjwF7CAwuEaW77noJr6I,0.553,0.685,-10.624,0.0266,0.145,0.859,0.138,0.491,79.998
022KUgS0Q5c3MTePafMLai,0.476,0.776,-6.95,0.173,0.00155,0.0,0.464,0.247,139.969
3A9FTMFFzobncTK3y3TNvV,0.634,0.199,-16.097,0.0403,0.863,8.59e-05,0.287,0.169,128.023
3JBnQffO8PrBE4xwAGpWYb,0.628,0.336,-11.477,0.034,0.753,0.0,0.0881,0.363,75.001
6OBNTRoQ7pTf2sEaQviWBn,0.677,0.415,-11.869,0.293,0.534,0.0,0.372,0.397,86.55
3HbrnGvCJqnfVTwDwv4P6z,0.552,0.258,-15.809,0.152,0.489,7.25e-05,0.166,0.102,75.249
4Ve0Jx7MXjU4aPrFHJRZK7,0.836,0.681,-3.793,0.0434,0.285,0.0,0.0729,0.854,81.554
524dq3zKwXrP4uPL6VwoWT,0.444,0.21,-10.811,0.0516,0.844,0.0,0.0956,0.306,145.944
6CRMSbYypKAf9XubEsmvkN,0.52,0.531,-7.63,0.0428,0.633,0.0,0.101,0.309,121.839
73jVPicY2G9YHmzgjk69ae,0.62,0.692,-6.859,0.029,0.00036,1.81e-05,0.335,0.387,99.806
4m0q0xQ2BNl9SCAGKyfiGZ,0.619,0.792,-5.711,0.0589,0.202,0.0149,0.126,0.458,101.01
6QZ8h3RqIgTRTo3hfaqryx,0.452,0.945,-4.515,0.103,0.0373,4e-05,0.22,0.504,167.95
0GkQSHsHQ0OHgvGRXH6yJv,0.892,0.303,-11.995,0.0959,0.768,0.00404,0.113,0.37,108.062
2eAvDnpXP5W0cVtiI0PUxV,0.609,0.692,-2.958,0.0259,0.0157,0.0,0.0864,0.454,116.959
6qXBZGMoNHTVIebQDECoY9,0.669,0.819,-4.716,0.0363,0.11,0.0,0.212,0.762,105.055
04F42oEuKrRComYJfJuyVR,0.817,0.635,-7.246,0.163,0.323,0.0,0.0738,0.454,138.015
5qrSlOut2rNAWv3ubArkNy,0.551,0.537,-7.595,0.034,0.705,0.0,0.0802,0.493,126.421
3jGlOBjMJiNDWhdqRJl5dK,0.673,0.327,-7.67,0.0827,0.853,0.0,0.103,0.449,82.729
2P2r0647uy5pKUikGZ7q9B,0.446,0.409,-4.812,0.0547,0.766,0.0,0.0891,0.348,80.111
5HsSsEeP3hU9QSfHZrzbtA,0.55,0.147,-18.675,0.0404,0.563,0.00102,0.286,0.0346,81.991
3ZsVXh7a8HxYWxzDCHjQfN,0.717,0.134,-16.178,0.0294,0.941,0.0942,0.107,0.234,94.933
621mkKPR6gd8XUSxd7LofR,0.704,0.41,-10.973,0.031,0.845,0.753,0.113,0.192,120.019
1EnDOhM89aT4FEcxOPDkx5,0.82,0.39,-10.073,0.254,0.789,0.0,0.631,0.615,92.05
4SeZpWSgq1c8a0MY3iVy1f,0.55,0.448,-7.382,0.0314,0.879,0.0,0.0734,0.49,99.713
42H6GeQfrBkT3vTUTdpB1M,0.646,0.0828,-16.205,0.0435,0.838,1.2e-05,0.0934,0.293,108.826
4qN7kbLXrensXxrf5mp9ie,0.364,0.414,-9.699,0.0476,0.611,0.00141,0.108,0.194,165.487
6iRTYLWbxXtUz00KQIWiTN,0.685,0.553,-6.965,0.0667,0.359,0.0,0.654,0.695,130.022
3jfFw63n74qkinjHibNPMS,0.717,0.804,-5.257,0.326,0.279,0.0,0.527,0.362,133.012
5IdrsGhB8D7RwNwGra9V6i,0.665,0.635,-5.763,0.0446,0.0516,0.0,0.367,0.472,97.974
1is8gU4RVcN4J8xItxWoOY,0.422,0.34,-6.577,0.0351,0.877,1.77e-05,0.149,0.223,77.213
0f8xPdFJ6SdlHJwkxpdw2Q,0.658,0.473,-7.632,0.0463,0.367,0.0,0.187,0.563,98.022
0TqaX16qLpX7YqFcAl9lDy,0.312,0.614,-6.073,0.0466,0.0589,0.0,0.0898,0.356,205.379
2dnv3Jz4HfVp9KAUqumtVt,0.444,0.757,-7.457,0.48,0.036,0.0,0.0887,0.376,125.813
7717UVE00jsD9vkhSlN6ho,0.468,0.429,-7.585,0.0375,0.181,0.0,0.102,0.174,67.334
6sHxpnCerm9M6A5zaFFNfs,0.317,0.545,-6.439,0.0469,0.039,0.0,0.116,0.14,139.014
45Q6RNX1yeHpGZpR0RjpKI,0.597,0.687,-6.536,0.0466,0.216,0.0,0.107,0.502,94.749
4NXROG27qc3PGsf6IK5MOD,0.626,0.125,-18.968,0.0517,0.877,0.0,0.352,0.144,119.907
1ydKLmtx7LYnDe1udTu96w,0.653,0.0584,-21.98,0.0442,0.847,0.000361,0.175,0.163,122.057
3pt2acuxLXvIGproniPoq9,0.692,0.107,-16.182,0.0463,0.967,0.0,0.302,0.377,123.999
7KhzNtBj6hmB08fyJCIRb3,0.624,0.115,-17.139,0.0446,0.941,3.47e-05,0.11,0.287,120.198
3D2H0RZzOXziswr9UHbpyb,0.958,0.376,-7.063,0.0523,0.171,0.0,0.13,0.331,107.964
3orJ0XpgXRG1LTA521BpDz,0.786,0.588,-3.777,0.165,0.0503,0.0,0.167,0.685,75.011
3y4MGDUBfiRtdRAynxouy6,0.579,0.402,-9.687,0.0392,0.777,0.0,0.316,0.516,152.067
3tAQPcaksoaVhCEMoPxZEJ,0.701,0.611,-9.743,0.033,0.396,0.0,0.553,0.748,128.07
14ahZtLV5yKtqQATTfQta0,0.682,0.529,-9.862,0.0469,0.782,0.000294,0.102,0.39,126.995
07E34p59doB7zhxtcNQLqK,0.573,0.755,-6.472,0.246,0.0249,1.08e-05,0.209,0.77,154.719
0UzGVWTmURL3F3Y1wgzFtJ,0.777,0.793,-7.121,0.0617,0.374,0.000209,0.153,0.413,109.959
2kp86yPhiPBTyoTYHB403F,0.65,0.558,-5.394,0.0644,0.79,0.000158,0.104,0.371,78.028
3wIRxCIGmdxld4ZC6yShZ9,0.45,0.25,-9.155,0.0353,0.815,5.94e-05,0.108,0.112,114.011
0eT4sEeeudOolC4hivApL9,0.505,0.217,-12.269,0.16,0.896,0.0,0.107,0.209,138.199
4yYeePS9C7q9iJuxvNCpnF,0.927,0.43,-5.336,0.115,0.392,1.97e-06,0.159,0.962,99.975
5NP7NmjaFKsG5ywXrAmP4S,0.937,0.395,-7.63,0.132,0.0783,0.0,0.291,0.644,116.98
6wmAHw1szh5RCKSRjiXhPe,0.845,0.561,-5.253,0.0778,0.211,3.49e-06,0.0383,0.811,109.974
6qNALlmZa1ESnCxJmXE1K9,0.755,0.769,-5.658,0.186,0.314,2.38e-06,0.0628,0.642,114.966
6rVNnvyNeibts1uOqdSNIw,0.407,0.697,-5.612,0.342,0.375,5.07e-06,0.125,0.632,179.681
3rKYiySCDMUKTw5kGVVhaa,0.795,0.616,-5.281,0.06,0.417,0.0,0.349,0.815,110.015
5iTaLzgPI5jRMVAxITcZwT,0.418,0.445,-5.407,0.227,0.469,0.0,0.123,0.608,175.686
37R0bQOQj5a7DOqh1TGzvB,0.667,0.613,-5.353,0.0344,0.403,0.0,0.115,0.47,91.024
1lsBTdE6MGsKeZCD6llNu7,0.856,0.632,-3.692,0.074,0.193,0.0,0.0688,0.697,112.009
34LohAliZ2QKydqVJcFpwV,0.553,0.685,-10.624,0.0266,0.145,0.859,0.138,0.491,79.998
1175r6ZmkUjX8dRJLz9Ohk,0.578,0.669,-4.898,0.0377,0.65,0.0,0.13,0.503,75.995
4E5IBDRu8kJbzUv1qaZM1t,0.918,0.602,-8.891,0.0603,0.0732,1.94e-05,0.417,0.81,110.996
1Ia95g66IhlAJ3qVI4qI8W,0.636,0.243,-9.509,0.04,0.815,0.0,0.111,0.239,142.016
0OJN2A3Qyvd7pwSF0AIteC,0.81,0.788,-3.663,0.0447,0.267,0.000172,0.196,0.845,135.991
0FhFZbyZbkUh5uyAKesmDL,0.734,0.615,-8.519,0.0562,0.0966,3.15e-06,0.122,0.289,115.993
3bWubl9oMzs5Z1n5KZXSSz,0.647,0.319,-9.987,0.0367,0.827,0.0,0.133,0.267,126.243
1ggYjU6zdFHgANcku82boU,0.668,0.547,-8.024,0.0353,0.398,0.0766,0.0931,0.192,83.5
0uLPKDuIhkIhttiwezNdiG,0.787,0.558,-5.237,0.0414,0.664,0.0,0.347,0.706,94.049
5kBYMymc2d3h164QqEHwRL,0.613,0.64,-7.637,0.0338,0.286,0.0,0.15,0.441,129.853
03ARE7xKtbCVV2GE5j0IWq,0.61,0.489,-8.541,0.127,0.308,0.0,0.165,0.331,105.016
1WGyC4si6ztHHNVM3gI5VQ,0.708,0.278,-9.354,0.035,0.636,1.1e-06,0.115,0.321,87.023
1Fhb9iJPufNMZSwupsXiRe,0.711,0.747,-6.335,0.0523,0.459,0.0,0.0957,0.852,136.0
27Mp1HAFIhnLBsGXdFcGXG,0.826,0.329,-10.015,0.0765,0.17,0.000878,0.0927,0.558,106.935
1lNHWPDvKEbamKezpLq7HW,0.788,0.473,-12.744,0.0328,0.489,0.254,0.109,0.81,105.429
6ZzYETKetIfNUsZUb23jgG,0.503,0.581,-7.007,0.0881,0.21,0.000708,0.257,0.633,94.555
5TTXEcfsYLh6fTarLaevTi,0.752,0.494,-8.18,0.0559,0.432,0.0,0.0869,0.227,117.901
4m5HKGwULoA0SvhaXiDMPR,0.794,0.571,-6.436,0.0521,0.836,0.0174,0.0918,0.632,90.033
3bjLCKsBNSFyx6Gfsb7X4h,0.55,0.58,-7.687,0.0784,0.206,1.02e-06,0.119,0.484,82.27
05ZUxHiGT7VR6ShJjhwJxn,0.615,0.743,-6.569,0.041,0.237,0.00431,0.148,0.528,162.22
6wFqLYmiXyGvprbWa4ogm8,0.675,0.695,-7.859,0.0753,0.00383,2.95e-05,0.0637,0.662,92.025
6gi7qsHSH2JWZsTRHndxqm,0.483,0.643,-6.872,0.0404,0.0135,7.04e-05,0.361,0.219,125.938
6uaBrivDHCaV0uBTiwHTUi,0.678,0.431,-6.749,0.0326,0.163,1.94e-06,0.147,0.404,90.941
3rlUmNmRyF4i5xrR7awCUV,0.616,0.335,-12.631,0.0303,0.851,0.0547,0.109,0.137,96.953
6sjBzi06wbrdzkyHWTF221,0.72,0.463,-5.439,0.0469,0.38,0.0,0.0978,0.523,124.53
2Q3QRjA8MjzqpFaIkFludb,0.597,0.496,-9.441,0.077,0.0839,0.0,0.117,0.319,160.05
3vSLSOhE8HWBC2WiN0j0hD,0.736,0.308,-11.543,0.0421,0.492,0.00248,0.179,0.439,132.767
5ArQzSBevAdXTxRY6Ulhbq,0.712,0.799,-4.564,0.0703,0.0447,6.4e-05,0.37,0.591,83.996
0OCRwXbQRdOZ1OtB4Imsp1,0.538,0.409,-6.581,0.0505,0.172,0.0,0.11,0.265,171.838
5kqIPrATaCc2LqxVWzQGbk,0.765,0.473,-5.829,0.0514,0.287,0.0,0.391,0.34,119.992
5PjdY0CKGZdEuoNab3yDmX,0.591,0.764,-5.484,0.0483,0.0383,0.0,0.103,0.478,169.928
3WsRuvMAGIUGSQ3L5TKetf,0.728,0.305,-8.922,0.176,0.186,0.000299,0.161,0.558,99.967
1nDOeWBfRKA5YNQ8bKWzMM,0.909,0.392,-6.221,0.0652,0.278,1.77e-06,0.106,0.61,127.052
0PE9YqTUSNPiCZa92Ht2MC,0.605,0.288,-8.204,0.0313,0.0211,0.0,0.168,0.355,140.002
3zMiWxjsnyByaxmPm7Irlf,0.619,0.398,-10.221,0.0696,0.798,0.001,0.229,0.579,156.055
1RlmAzI27AlIpvoRN3u6Iy,0.636,0.864,-3.919,0.0491,0.0314,0.0,0.102,0.892,160.009
2lTtnKQgjbrBA1qnOFhBkP,0.273,0.565,-7.283,0.248,0.516,1.68e-06,0.0855,0.298,179.518
57RA3JGafJm5zRtKJiKPIm,0.682,0.683,-6.444,0.0287,0.156,2.32e-05,0.273,0.64,120.023
4jYt1pQqg2mIZmY4FWCZEM,0.665,0.684,-7.049,0.106,0.247,0.0,0.0636,0.927,73.986
2UTHTASTtmJXiBUmSIXERT,0.635,0.247,-11.141,0.0387,0.608,0.0,0.111,0.181,124.813
4IaizE26moyyMYn70TeFiX,0.586,0.185,-14.343,0.0651,0.76,1.07e-06,0.107,0.505,186.247
0j1Ia2lQWrcXrQZI4AdJlk,0.648,0.308,-11.729,0.04,0.886,0.0774,0.124,0.198,76.997
2AHKsVXN6BjBO8SEVX6cBC,0.481,0.0759,-14.2,0.0601,0.956,0.0,0.154,0.234,98.979
7sTDqaGUr9NM8NHQ5SNHi1,0.621,0.108,-15.399,0.0493,0.968,1.67e-05,0.137,0.204,129.285
6hjh2phISvfR1Ib6S0FK7b,0.691,0.0682,-18.186,0.0645,0.951,0.0,0.0916,0.352,76.94
2vzWylXWogTG11HR0frews,0.451,0.0873,-16.815,0.063,0.907,2.46e-06,0.355,0.456,166.603
5dyihZecYMcEPq09Bk2OL2,0.731,0.153,-14.409,0.0562,0.952,0.0,0.134,0.324,78.072
3JfHYZKy5JmE5Fv4gDTCiz,0.703,0.179,-10.906,0.0366,0.949,0.0,0.102,0.346,97.427
6c7N5N7amAOpeMykjlovjI,0.508,0.404,-11.092,0.0788,0.664,0.0,0.104,0.129,81.713
5dMKsEQSlR2ITYpScl7UMd,0.579,0.664,-6.367,0.2,0.437,0.0,0.109,0.296,79.196
79esEXlqqmq0GPz0xQSZTV,0.71,0.737,-6.781,0.367,0.255,0.0,0.106,0.42,104.961
4nK5YrxbMGZstTLbvj6Gxw,0.863,0.63,-4.688,0.0537,0.304,3.04e-05,0.123,0.816,128.977
51NFxnQvaosfDDutk0tams,0.695,0.573,-8.597,0.106,0.46,0.0734,0.482,0.408,99.939
58qO4dGa5SgNdtvqvpewyz,0.722,0.62,-3.639,0.0483,0.313,0.0,0.26,0.474,127.978
5EbidH3lGB30WuDsoR4km6,0.576,0.807,-3.019,0.0374,0.0185,2.4e-06,0.0963,0.479,90.932
7hDVYcQq6MxkdJGweuCtl9,0.511,0.363,-7.65,0.041,0.816,0.0317,0.084,0.169,144.892
2VlLbhGLVJgdOW7kKdWWFc,0.576,0.307,-12.732,0.0428,0.807,0.000355,0.0792,0.157,67.513
14sd42xznS0HDlTalM1jBY,0.443,0.706,-6.754,0.0302,0.0804,0.937,0.106,0.252,128.331
7qHOEPkIEjhp1q5MjWzgUZ,0.735,0.67,-8.356,0.038,0.119,0.442,0.18,0.967,114.01
5xJ6yXqwbleej2CPtQIBe2,0.638,0.773,-10.295,0.0286,0.598,0.193,0.131,0.783,103.996
1m489dRpyXgtSONzRZKZIR,0.667,0.703,-8.237,0.0294,0.000658,0.286,0.103,0.48,120.001
1qDMlFBTEfpu9rO8j0mzq9,0.515,0.884,-7.297,0.043,0.0331,0.0904,0.312,0.703,173.012
6ilc4vQcwMPlvAHFfsTGng,0.449,0.51,-9.075,0.0278,0.351,0.761,0.139,0.115,96.425
70YTBH8vOGJNMhy6186yFm,0.536,0.436,-9.187,0.0248,0.672,0.697,0.11,0.134,105.13
7cs7MLtAWvsdf3w5kBvfK2,0.495,0.328,-14.079,0.0274,0.262,0.149,0.107,0.0927,97.241
7LX4aXtvImhdgUHQBlo8Kp,0.454,0.404,-10.26,0.027,0.146,0.819,0.141,0.313,94.113
3AVrVz5rK8Hrqo9YGiVGN5,0.369,0.467,-9.018,0.0274,0.0194,0.46,0.109,0.174,94.473
5CgFGKdTn8R5dXGEPEX6Gm,0.67,0.393,-9.158,0.122,0.0159,0.000307,0.104,0.193,77.461
6pTDPaMcN5KSYD8hJ1uWId,0.54,0.54,-6.517,0.0539,0.0616,0.0,0.231,0.209,120.266
5KSNxyuyp5K1kDT6LvX8oZ,0.507,0.461,-7.761,0.128,0.0288,0.0,0.0483,0.665,136.219
6luhvKibJJNM4P64RLNwgg,0.568,0.846,-5.227,0.068,0.466,0.000406,0.0901,0.398,80.019
4VEEDnEFLI9dUy5QA51rom,0.706,0.604,-6.932,0.303,0.418,0.0,0.242,0.361,82.03
6HjbgE7wcqz5lA2R0CnmKP,0.668,0.574,-9.855,0.457,0.365,0.0,0.509,0.47,70.097
2yRh2gjo3eDcgFAnQB2AgJ,0.601,0.674,-6.297,0.035,0.348,0.0,0.104,0.376,90.536
4HH6sBatmvrDIGrARPOSHH,0.732,0.526,-7.221,0.0353,0.216,4.67e-05,0.0994,0.604,104.909
45Ncy3WsCZ1rf80xERs9c8,0.713,0.659,-7.549,0.059,0.0198,0.0,0.143,0.207,133.065
6JoAaHxAQhMug590kD5smF,0.569,0.606,-6.013,0.0701,0.157,3.25e-06,0.153,0.587,84.969
2VgCBIC0TjoUugwp05UvIp,0.654,0.746,-7.428,0.15,0.452,0.0,0.291,0.538,90.874
4OLI1dUkU9GFHm3IUgChaf,0.774,0.659,-6.909,0.206,0.0424,0.000501,0.302,0.467,99.018
4axyANT6rS3fVZdUBgPMaF,0.835,0.794,-5.077,0.147,0.217,0.0,0.113,0.696,139.958
0rlHnAs05Bta4DQ8YhwEBs,0.971,0.58,-6.294,0.0965,0.485,0.0,0.0534,0.865,118.981
2BV82jtAOKHWhNnntbKF8V,0.959,0.653,-6.463,0.0992,0.388,0.0,0.154,0.814,110.982
2u36AfO6p7f6ciw15E4xh9,0.738,0.725,-6.737,0.171,0.147,0.0,0.376,0.409,120.602
5ckUvSqW1Oaucm19P6VmIK,0.64,0.514,-7.651,0.0332,0.174,0.000446,0.102,0.125,95.97
2QffgsYVZkvMQsZmQdgf2L,0.567,0.685,-6.086,0.0827,0.106,0.00142,0.0674,0.38,189.948
1yvjK9jafxSB4MfGY1uDCC,0.665,0.597,-8.012,0.0448,0.243,0.0,0.231,0.238,144.952
7fBKbK8897K5V5zgr7ymIz,0.927,0.454,-11.767,0.191,0.539,0.182,0.115,0.32,114.016
0Z1pAncHr1Y9hf3Cu3G0iR,0.657,0.882,-5.434,0.0919,0.304,0.0,0.376,0.663,111.982
54JbP4PgOMQGowCbCfjCNA,0.822,0.522,-8.744,0.0965,0.491,0.0,0.101,0.0672,111.098
5sE7mswGnR5LJxhwgXL9ql,0.47,0.418,-9.299,0.176,0.271,0.000196,0.159,0.224,77.759
23O1y0U5uUeNzTWjtrG2B8,0.872,0.433,-4.996,0.109,0.763,0.00989,0.109,0.265,58.305
6vMJVkaG3RSVDVM7xMvukr,0.757,0.228,-19.091,0.032,0.836,0.000216,0.0955,0.41,105.008
5w2rG9pH6lD0YoACz4ci5r,0.657,0.692,-7.077,0.201,0.704,0.000106,0.0824,0.689,68.078
0FMmxKAzT0kaQ4QzheCB5P,0.725,0.412,-11.518,0.263,0.355,0.0,0.126,0.262,140.035
4coaAM7XV6MbK9svMzTNKI,0.831,0.469,-11.728,0.229,0.262,0.0,0.15,0.444,140.04
3W0he0AHPtRvkkzrhXqTYh,0.775,0.332,-9.017,0.0524,0.782,0.0,0.0699,0.48,90.031
6VyUWfImAgTrYAnYWonuhM,0.673,0.376,-14.029,0.0407,0.688,0.548,0.45,0.336,118.033
7pmLi2drbQTrVAjd8NCeDs,0.872,0.752,-9.425,0.157,0.3,0.0,0.138,0.327,118.015
1SFez90VRpEt8K6w3sHOZ0,0.651,0.463,-8.582,0.0257,0.558,0.00327,0.191,0.602,105.044
0PLhwCmQ7cC3ThRGPn3HxF,0.765,0.582,-4.528,0.12,0.245,8.21e-05,0.154,0.36,132.992
6fGSHpEipD1YjtLLChnBzW,0.7,0.494,-4.908,0.0463,0.742,0.0,0.304,0.229,132.943
6e5UOAU8hWJq7FKbHGPp2y,0.776,0.453,-8.36,0.136,0.77,6.13e-05,0.126,0.562,158.0
5IyuGEmlFsnp1TN1M9OSd8,0.562,0.304,-9.504,0.0595,0.846,1.34e-06,0.1,0.128,123.078
1G9YZPtxUGfl1yVw7kq4yc,0.705,0.281,-7.991,0.0863,0.856,0.0,0.117,0.211,84.882
4nyF5lmSziBAt7ESAUjpbx,0.445,0.455,-6.405,0.0575,0.731,1.47e-06,0.124,0.151,109.885
0Uon5NsSAkBDx69XYOaQ5P,0.618,0.37,-10.5,0.0543,0.883,0.0,0.123,0.433,114.26
5meVa5klVlJalupZTvv5XX,0.755,0.671,-6.331,0.0872,0.514,0.0,0.109,0.409,125.056
0ouGDyldWWfeqfTYxX1bTZ,0.612,0.725,-4.668,0.0653,0.00384,0.0,0.0473,0.386,91.059
5jiYx70OBzEI99jx1Gn3FN,0.648,0.62,-4.938,0.0276,0.284,0.0,0.0833,0.772,93.011
17FK4etx1u2NK60cptINMS,0.626,0.639,-5.62,0.085,0.0465,0.0,0.161,0.638,144.009
5DZwnLxHjWTZaz9jOpRhxb,0.67,0.643,-4.553,0.0465,0.118,0.0,0.192,0.703,123.979
0TkJIyL69RAUIbNwGub6uR,0.454,0.66,-4.357,0.168,0.0364,0.0,0.181,0.568,184.353
6g3XrmNrWVa33dZuxIhMbF,0.701,0.547,-8.238,0.0483,0.00843,0.0,0.0987,0.4,140.015
1N2gWqKHFtPSZ0zgoCr8WK,0.629,0.833,-7.219,0.0855,0.124,0.0,0.159,0.653,80.968
5FQPpxOXsvkMN6v18gtpwY,0.74,0.517,-6.233,0.0506,0.0183,0.0,0.0558,0.698,139.917
3WUAPRek2SlTaTNxSrLjlg,0.692,0.486,-5.78,0.0829,0.842,0.0,0.268,0.684,184.129
4YwIOEhqg57IX2QasbetBi,0.562,0.379,-7.625,0.231,0.526,0.0,0.151,0.258,171.848
12OLyHDxt6dqlAybSPFBK3,0.646,0.355,-7.119,0.0263,0.873,0.0,0.115,0.364,84.988
6w8pFOKn42O418qwcQElZ3,0.519,0.731,-7.192,0.0449,0.184,0.0,0.0643,0.338,156.878
1ugQtcwmKOXvKAYzhjncmv,0.411,0.204,-11.575,0.0578,0.855,0.0,0.143,0.337,70.853
4Of7rzpRpV1mWRbhp5rAqG,0.736,0.308,-7.83,0.0677,0.946,0.0,0.186,0.361,111.202
2gMXnyrvIjhVBUZwvLZDMP,0.459,0.574,-4.857,0.0577,0.608,0.0,0.0885,0.183,111.881
7qEHsqek33rTcFNT9PFqLf,0.501,0.405,-5.679,0.0319,0.751,0.0,0.105,0.446,109.891
4edtsBlaX23OPYmhA4R0GP,0.459,0.214,-10.66,0.0403,0.634,0.0,0.125,0.397,163.816
65sNrvOp2HLlhGTeLJ0nnk,0.541,0.583,-8.886,0.0507,0.674,0.00583,0.125,0.295,148.162
6OiRh4kttAs1YWglvTcYkB,0.534,0.724,-4.675,0.0495,0.00605,0.0929,0.108,0.503,81.846
5OuJTtNve7FxUX82eEBupN,0.565,0.438,-8.722,0.0311,0.122,0.0469,0.108,0.211,133.949
0ZK8TGOsngrstVPsnrHbK1,0.515,0.804,-5.345,0.0398,0.00322,0.00229,0.149,0.298,123.969
5b3wsEvEfioyCHuupFCvrh,0.497,0.879,-5.334,0.0343,0.000215,4.84e-06,0.101,0.334,141.857
03kgiS0813IuHfVMZix7hT,0.626,0.7,-5.437,0.0305,0.00149,0.00108,0.17,0.362,101.016
3m12rLVgKd3vAS6Lz2VJIm,0.46,0.824,-3.558,0.033,4.7e-05,0.0,0.0668,0.363,95.885
7noHzxuNmeIwYftylZfVRT,0.5,0.949,-3.123,0.0833,0.00847,0.0,0.514,0.648,159.824
6NJ5Q5QujNwwsst5mdSEfF,0.573,0.873,-3.838,0.0297,0.000431,0.0,0.403,0.842,102.012
7bEDDsy2LFC0KSqhZp5nPE,0.515,0.821,-2.333,0.0309,0.00794,0.0,0.0787,0.425,86.995
7kqCbVG93MnBnkRGiKWTPs,0.472,0.679,-6.089,0.163,0.0126,0.0,0.102,0.311,129.98
6HPq6eJAqE4X6cgWoUDLQV,0.649,0.556,-7.625,0.0392,0.0694,0.0224,0.119,0.188,85.016
5iWXIqS50MBiKwk44h0Aq8,0.59,0.652,-4.828,0.0566,0.252,0.000483,0.0637,0.522,173.93
6VLtWgW0USISy1aFuouqxA,0.574,0.581,-7.99,0.0387,0.109,0.00037,0.146,0.304,76.982
6UVZo6UKUZC1J2KPP3IIwQ,0.835,0.505,-5.834,0.168,0.286,0.00219,0.198,0.665,118.021
6gJbvBnEoY69UvFYTQuzBD,0.416,0.688,-5.637,0.102,0.0422,9.8e-06,0.425,0.535,170.133
6bsGUcHX3dlouSNvMYH8Pk,0.719,0.441,-6.266,0.172,0.359,0.0,0.163,0.504,133.019
5f6JnxY2aqNdF3qFIPozUd,0.548,0.656,-6.515,0.0438,0.0351,1.19e-06,0.129,0.593,180.052
4uj4utePoGkOSAkAIFNAB9,0.785,0.489,-7.122,0.0574,0.768,0.00104,0.258,0.468,129.914
0IZRLxomNJV9mb13uVJ2Lj,0.343,0.651,-6.378,0.0933,0.391,0.0,0.25,0.521,179.662
6gGBL1uMBcNUOzSYfKreID,0.825,0.304,-11.597,0.101,0.14,0.000498,0.147,0.3,84.927
4Zgo9uf4jURl7tjCBmUjy2,0.563,0.281,-11.991,0.0643,0.91,2.44e-05,0.243,0.384,135.305
6MiVIH3fQlmz44jGx2DXn4,0.532,0.178,-9.754,0.0541,0.614,0.14,0.0985,0.103,149.879
3aauaXWRgwCMoykMbI0Jq1,0.717,0.577,-5.436,0.0491,0.708,0.00422,0.0899,0.235,104.926
6hmFoos3ZUupYAyCCSuUfW,0.515,0.195,-13.635,0.112,0.49,0.0,0.0818,0.0638,169.544
1q2Zb0v5ZGxKDktEz7wSPb,0.58,0.788,-4.714,0.259,0.0123,1.84e-05,0.368,0.72,148.992
4PvbbMYL4fkToni5BLaYRb,0.759,0.436,-11.233,0.0419,0.33,0.0113,0.102,0.782,94.03
38kjFXYgPvtuXCPbHPMGte,0.517,0.779,-5.005,0.0477,0.0258,0.0,0.0622,0.197,115.206
3vooOYHU0Fi3ViCG7Ozh0Y,0.557,0.845,-2.926,0.0346,0.0303,0.00851,0.354,0.508,123.997
086myS9r57YsLbJpU0TgK9,0.691,0.631,-6.478,0.0368,0.0483,1.13e-05,0.104,0.8,92.004
2LGdO5MtFdyphi2EihANZG,0.665,0.542,-8.323,0.033,0.123,0.00291,0.342,0.587,97.975
7nzsY8vlnKdvGOEE0rjAXZ,0.579,0.558,-6.986,0.0895,0.0202,1.26e-06,0.212,0.506,179.949
2AT8iROs4FQueDv2c8q2KE,0.288,0.758,-5.692,0.0371,0.00616,0.0,0.303,0.619,97.094
31Z75ehoSqIwC1bsRESbKM,0.752,0.481,-9.203,0.044,0.419,3.11e-05,0.366,0.393,135.671
5RLDbZPiqULNl4cr17eoIV,0.745,0.438,-7.018,0.0326,0.678,0.112,0.125,0.0409,119.99
4VZp8fvRqDshShHu5Ythag,0.884,0.294,-11.238,0.0963,0.47,0.0,0.119,0.219,115.016
5J1yyAT28YsG72sbiHj2Xg,0.795,0.678,-7.083,0.45,0.112,0.0,0.115,0.346,100.087
6KkfMmxqUo3HMxNmwgqMvg,0.707,0.758,-9.403,0.442,0.32,0.0,0.0769,0.176,96.636
7r8lp6nukhNPK9QPC79k30,0.841,0.519,-9.814,0.0475,0.0694,0.0,0.0672,0.132,106.97
0xV9aE3eQKkRt3yWym1NtD,0.825,0.331,-15.186,0.431,0.64,0.0,0.18,0.563,133.99
6w8obHFQlBBFMcjHFs5APs,0.552,0.594,-7.394,0.507,0.296,0.0,0.406,0.495,90.862
4mwuPJJJNtRLs7OLlUGXf2,0.868,0.396,-10.167,0.359,0.286,0.0,0.271,0.26,126.244
2TfoabXa0CbEwcqpxOn9z3,0.745,0.664,-5.476,0.235,0.322,0.0,0.851,0.526,121.083
0vQM29chWYNTrqPoirulxI,0.841,0.406,-12.389,0.358,0.791,0.0,0.0872,0.384,110.061
7iSEz0IIVF5H4KLXIm99Vk,0.535,0.245,-12.53,0.0363,0.743,0.00338,0.298,0.238,130.133
2is19a6HY7ZdWP654IMhEE,0.402,0.151,-14.227,0.0395,0.907,0.0,0.0941,0.483,144.293
5q70KuhgvW5vaietlERAKK,0.572,0.42,-12.714,0.339,0.804,0.00063,0.0966,0.436,172.681
3CTr7gEOXRI2Jhe6bVVZUd,0.66,0.275,-11.038,0.0716,0.765,9.37e-05,0.226,0.0688,134.714
5wCc4XL0VivKlohsxDKcnQ,0.89,0.452,-10.041,0.0772,0.608,0.0,0.0786,0.701,119.98
2J3SR4n0YiQYCsghgeqZcB,0.838,0.316,-7.57,0.224,0.61,0.000446,0.103,0.531,148.147
6tc1gT93ZpMKx3N5AgVljV,0.436,0.0903,-11.838,0.0311,0.943,0.000899,0.105,0.125,102.696
6p97rhyuy0YEQn0OOQeM1H,0.737,0.408,-7.941,0.104,0.802,0.0,0.171,0.374,127.921
1hDgKeEHxLnQ9iRy6Ro1px,0.453,0.209,-11.917,0.223,0.587,0.0,0.119,0.216,169.316
7pHECccR6FiKZqFhjULGbB,0.62,0.553,-10.228,0.0517,0.778,0.00191,0.0916,0.632,148.978
4PQJcyOjVSurR2fRZ4MNVE,0.584,0.261,-12.317,0.0486,0.72,1.1e-06,0.126,0.504,180.149
3kywzyEr7V106Un5cDyh12,0.628,0.298,-9.539,0.0713,0.732,0.0,0.116,0.166,63.762
1UulxT6brbUPHnU86RyOah,0.68,0.413,-9.644,0.0464,0.776,1.91e-05,0.0979,0.276,114.931
7oHijHxh7cI40fNC4S619V,0.674,0.413,-8.051,0.0351,0.715,6.64e-05,0.104,0.206,139.976
15KNg0TyNJpRleQ3EiLG1n,0.685,0.47,-9.946,0.0601,0.121,3.42e-05,0.124,0.0549,90.012
4gbB4ORVF9jqFWgPF8277Z,0.762,0.585,-8.819,0.102,0.478,0.0,0.113,0.303,140.005
779UN3kabApm2zfqX549vf,0.626,0.453,-9.295,0.0306,0.816,1.91e-06,0.0904,0.494,129.958
73E2CgQVoVnyjZo6b3NO9a,0.641,0.234,-12.34,0.037,0.867,0.0,0.0942,0.373,136.059
6Gy3MOuOWPNs3nEorpdx5F,0.362,0.286,-10.15,0.0368,0.619,0.000148,0.124,0.15,80.673
2juRTLgqPmkOjgUCVcXOeC,0.697,0.523,-9.397,0.0287,0.502,0.000158,0.101,0.456,110.915
1UTTbArdZ8Z7cBaAbDBAjK,0.411,0.228,-12.34,0.0612,0.948,0.0,0.0829,0.235,81.645
4c8SeWzX1nvSN7chHvyq8n,0.708,0.539,-8.817,0.0805,0.78,0.00086,0.153,0.173,100.969
2ouNoo43UNurALLYLCapJv,0.724,0.505,-6.613,0.0402,0.433,0.000103,0.13,0.267,103.969
2eLDUK7EkpENZkDL9O5yhz,0.828,0.349,-9.96,0.17,0.647,1.57e-05,0.105,0.282,130.074
7lSZpgUg8R79pC49uc6IHX,0.699,0.493,-10.386,0.0699,0.537,0.0,0.258,0.08,94.99
7yCyhsU75MYdbeqRLhLY51,0.753,0.41,-10.636,0.132,0.817,0.00219,0.104,0.23,92.999
3CRtbOoAP82y0VbPO5j1ft,0.515,0.27,-9.935,0.0357,0.842,0.0,0.114,0.234,120.483
0AVs4KwMZncK8PVJPmff4A,0.569,0.38,-10.289,0.143,0.745,0.0,0.159,0.421,117.953
75iZaRMctH8FamTOhokRVJ,0.641,0.37,-8.645,0.0565,0.32,0.0,0.206,0.242,81.043
55vsJO4tLZQ37qzD5QUOmh,0.72,0.408,-11.725,0.0498,0.832,2.61e-06,0.0992,0.341,121.972
1InPL1Qm8qJC3FIIvFruNt,0.639,0.439,-8.809,0.0478,0.803,0.000967,0.122,0.274,147.939
0IJQOj33GVl6osZmxClKqV,0.414,0.418,-10.108,0.0406,0.49,0.000356,0.0893,0.361,102.708
63fJIZPOuItnuhgQPBB6Y8,0.684,0.606,-9.812,0.213,0.233,5.89e-06,0.272,0.492,89.479
5AWXESfdAJjfloT0BYzVii,0.714,0.705,-8.399,0.0883,0.342,0.0146,0.299,0.613,103.982
1JG8pJ7G8qJiy98DzCBL2E,0.535,0.836,-5.593,0.0746,0.00121,0.0,0.102,0.443,85.005
7clyJIrLkEbXUDwj1tC9zz,0.504,0.891,-5.632,0.137,0.00163,0.00199,0.148,0.628,153.988
7a1D98IVXyVBKsq40imjyg,0.529,0.686,-5.869,0.0579,0.00251,0.0965,0.22,0.116,144.033
0Fc7ESmkM02PDH5NnPaS5S,0.517,0.702,-6.842,0.0424,0.000232,0.00165,0.204,0.244,176.088
1CmhkiXegdbj3Ewizvdg2Q,0.506,0.932,-6.11,0.11,0.000719,0.0594,0.174,0.549,99.929
1hHn2SG7j8Ux61wWiUcXPq,0.609,0.659,-7.218,0.0442,0.00592,0.000292,0.161,0.522,80.996
3XaZ4zJnU3SbYFj6PhI8Y7,0.407,0.355,-9.713,0.223,0.542,2.66e-05,0.127,0.265,80.683
2mSrVZsSKn2Ye5f0YuAbMh,0.75,0.431,-10.093,0.312,0.778,0.0,0.132,0.554,124.088
21bty2KT6tMsceRDsuORBy,0.552,0.696,-5.656,0.0525,0.212,0.00809,0.172,0.452,124.927
3Gh9maavHOFRoRkzVw0a6Q,0.486,0.482,-5.608,0.0249,0.701,0.0,0.351,0.229,83.922
6cvbvXaRbQcuv54SjYXP86,0.641,0.799,-5.661,0.0479,0.26,0.0,0.192,0.805,160.008
4LkXtklCusSbi6UxYWgH8B,0.801,0.686,-4.252,0.0414,0.133,0.0,0.0882,0.885,120.007
2qwplOI7upNGwg2mLVrraw,0.627,0.662,-4.773,0.035,0.264,0.0,0.115,0.321,140.007
4lpvCG7eNzHAXwvMxWUNjz,0.721,0.617,-6.178,0.0386,0.507,0.0,0.252,0.902,148.032
6syar8JKCt3R9ZBl11zmgI,0.806,0.735,-4.833,0.0491,0.281,0.000351,0.0722,0.788,122.025
65cVs5ooFRGQrOyueXr6OP,0.46,0.126,-13.874,0.0346,0.928,3.5e-06,0.0978,0.1,99.4
7eNo9ESORi0F5hR0GXGhJJ,0.608,0.0704,-16.933,0.0746,0.93,0.0,0.159,0.218,114.236
2OR29bTCjzyPuPuHiB0fJC,0.614,0.0595,-16.254,0.107,0.957,5.58e-06,0.105,0.146,75.339
0gOz9JUXsaKVzLTSmFDtdo,0.571,0.0274,-20.274,0.0649,0.948,6.43e-06,0.322,0.087,124.209
3IqcBL5yjJK3ri0TGaL3MC,0.563,0.678,-5.885,0.0495,0.544,1.34e-06,0.117,0.568,169.963
5cF0dROlMOK5uNZtivgu50,0.775,0.613,-4.586,0.0542,0.109,2.33e-05,0.134,0.797,100.066
3jjujdWJ72nww5eGnfs2E7,0.676,0.771,-3.675,0.0483,0.0237,7e-06,0.102,0.569,99.048
591AblJY9k2PSBDQFz4mhK,0.68,0.423,-6.279,0.0321,0.597,0.0,0.371,0.686,85.042
4uVslVnCNW0wkBxUmtqeVn,0.699,0.645,-5.862,0.199,0.27,0.0,0.0686,0.696,133.942
5jCyTX2ezvAHoMTNdLMYa2,0.826,0.497,-7.249,0.0472,0.162,0.0,0.0645,0.816,102.025
3yeEIU7ExwLczEnpXPQlqG,0.656,0.741,-4.998,0.18,0.0847,0.0,0.111,0.882,154.933
3UWkbO4emEOu9YUeOGq3vU,0.769,0.323,-12.887,0.0524,0.678,0.0,0.116,0.574,94.977
3cuW0sgJND4ZkdN1m7m7Gg,0.612,0.536,-6.537,0.157,0.697,0.0,0.131,0.603,132.251
1XcXhu1X0xBFMDFyq0b7Ue,0.776,0.513,-6.757,0.0872,0.392,0.0,0.0642,0.813,153.934
52TjUfqxgK2k4vfcyHXnp2,0.709,0.713,-5.464,0.0936,0.0757,0.0,0.139,0.227,139.966
39bs2V8huzcmWoeSlHKZeP,0.584,0.42,-7.827,0.0322,0.236,0.0,0.119,0.283,90.051
5CJEiMaVvY14SaO0Gwv0DI,0.852,0.384,-8.493,0.0602,0.0671,0.0,0.0852,0.477,98.517
3EwBNn0TfjcLYCnSZBzdTY,0.782,0.495,-7.462,0.0424,0.498,0.0,0.116,0.601,130.956
25a3Gvn8ZrPNxVIP6Y0hWJ,0.774,0.428,-7.764,0.464,0.123,0.0,0.13,0.657,95.591
4Rh4UxgPaRTaFfKumWtUbM,0.666,0.628,-5.613,0.0623,0.144,0.0,0.189,0.767,82.992
0EFuHbkuin3pM6byX7VlGI,0.533,0.694,-5.634,0.0413,0.0197,0.0,0.159,0.292,80.016
44Cqn7kPJ7ZdTIrgG7EFqE,0.627,0.589,-5.75,0.0398,0.418,0.0,0.704,0.36,119.889
0ojtOskzapucZWX767nQrc,0.669,0.762,-4.307,0.0398,0.453,0.0,0.162,0.582,102.005
0zt87wSDoh8wb8d1YcbYol,0.576,0.436,-4.121,0.0325,0.783,0.0,0.109,0.466,119.966
6pC5YKKnw2PWV26uUf29si,0.53,0.454,-7.455,0.0423,0.679,0.0,0.402,0.529,160.059
2CnscesDhDpF7LpURtgBEv,0.699,0.79,-4.091,0.0445,0.116,0.0549,0.138,0.243,93.971
5sHecmVKk5pCXO1JApAkt7,0.801,0.339,-9.684,0.281,0.229,0.0,0.177,0.642,165.977
7gvmEW0eTLIa6pvOw2bJ2O,0.654,0.542,-7.165,0.104,0.367,2.39e-05,0.169,0.374,119.8
1MwhMHMP9gu2pGRNeJ2u0u,0.466,0.737,-6.52,0.362,0.0232,6.79e-05,0.204,0.45,94.589
6ZahaGPhyiXTi1pLEtGM6e,0.648,0.727,-3.791,0.142,0.229,0.0,0.17,0.689,160.024
45iMwUi9OBJlEIsTJ4AStR,0.743,0.523,-10.288,0.0867,0.128,0.000124,0.135,0.316,92.006
4PMLEEYw4mblYsPlDSHKyu,0.843,0.797,-4.597,0.0419,0.202,0.000117,0.0822,0.613,109.973
0g21KZ1XJuhwexWPLpuEt1,0.752,0.698,-6.53,0.306,0.52,0.0,0.211,0.347,132.058
6Ph8QwsRfZunN5e1GGBIqa,0.563,0.784,-5.875,0.0402,0.0173,0.0,0.467,0.424,93.992
3BIIJgBJJ7NhhCv4MI6n7w,0.792,0.576,-7.046,0.132,0.0597,0.0,0.186,0.52,130.135
3IsOr4fNjL24DtkNIBqjKz,0.458,0.378,-11.354,0.15,0.416,0.0919,0.0966,0.037,168.232
4apZVURUvTrT9S51LBuXON,0.618,0.217,-15.372,0.0515,0.836,0.000163,0.538,0.0872,116.014
3AkdSFo7quCZ781KCqNK0T,0.448,0.72,-3.954,0.0332,0.0427,0.000292,0.614,0.361,157.919
1DMEzmAoQIikcL52psptQL,0.646,0.648,-8.602,0.0372,0.71,0.00316,0.108,0.466,75.004
5jSBnH9NyaNP5zdSB3pwgu,0.484,0.632,-6.917,0.0976,0.695,0.0243,0.209,0.0736,126.384
1VGzxJnVQND7Cg5H5wGj14,0.672,0.588,-9.573,0.133,0.619,0.241,0.0992,0.204,169.033
0rKtyWc8bvkriBthvHKY8d,0.515,0.479,-7.458,0.0261,0.544,0.00598,0.191,0.284,88.964
5TZKRS50iNgHQ103qgDfZZ,0.717,0.668,-4.845,0.0693,0.0201,0.0,0.371,0.936,80.02
4WmS1ZuledEAlrpJv1E22s,0.654,0.565,-8.741,0.196,0.345,0.0,0.157,0.207,140.079
0RLH6tOOpnxqSgLu2PbEoY,0.787,0.411,-6.632,0.109,0.0837,0.0,0.0577,0.44,179.95
52681Ivj8kgCi90Lu8B9fl,0.553,0.636,-4.38,0.152,0.189,0.0,0.0779,0.53,81.969
7cWyFwAaxdK2HSRuiRkMjy,0.731,0.588,-5.217,0.0749,0.334,0.0,0.278,0.449,80.019
7kTlHVCARylJAqm40yVoWE,0.581,0.584,-4.928,0.284,0.0805,0.0,0.366,0.756,179.954
3a1Zmq0P1E6W80x8EOcVNP,0.729,0.571,-7.047,0.0551,0.39,0.0,0.111,0.687,93.125
6SL7KzIA96f0HiKjuv7tED,0.598,0.73,-7.871,0.0423,0.087,0.00268,0.186,0.264,130.039
73681b7Hc0THHGZrSzl75y,0.822,0.834,-2.879,0.0663,0.0358,0.0,0.0461,0.77,115.006
4RtexJZ1OyRkDNlqVUt8Zt,0.73,0.494,-6.402,0.0565,0.57,0.0,0.158,0.561,86.732
2awExtNBABpwOFC78XViJd,0.66,0.357,-8.55,0.0594,0.267,0.0,0.0857,0.518,119.835
0fNLObXT9pvc3VED0oAevd,0.637,0.478,-5.783,0.03,0.101,0.0,0.103,0.201,99.989
24zaoEGmRjgA0zt47uLgRF,0.562,0.329,-8.556,0.162,0.502,0.0,0.562,0.502,148.524
0GQqQ7dA7B4mcEktSZaOUp,0.55,0.591,-6.833,0.0377,0.00692,0.0,0.11,0.308,78.68
1aEsTgCsv8nOjEgyEoRCpS,0.441,0.202,-12.499,0.0381,0.732,2.6e-05,0.126,0.269,77.971
4h7CVH9xtHoYSlEV5Dpamk,0.787,0.585,-5.384,0.0474,0.0319,0.0,0.109,0.591,113.991
1IQrWMzaUT0mwjP64lfQvR,0.572,0.355,-7.499,0.0449,0.685,0.000357,0.169,0.39,138.552
2b2LUjMx9LKwIARJf93Rbd,0.778,0.313,-9.288,0.421,0.301,0.0,0.667,0.707,68.936
3HIagBr0LvR3Ph7MCM4JnM,0.61,0.809,-4.475,0.0353,0.00659,8.08e-05,0.378,0.626,87.996
5AgeuhYAvIvAAvhU35s1Ty,0.742,0.568,-5.624,0.0305,0.00382,0.000105,0.11,0.638,124.01
0lv7WOlLxmlGN1EJSfEWKM,0.729,0.683,-5.508,0.0351,0.0251,0.000836,0.084,0.507,103.024
4GGSmoTmc5LClrowB4SmEw,0.637,0.661,-5.217,0.05,0.527,0.0,0.18,0.694,151.148
60cYr5uuMoxvyuIx45rGEW,0.817,0.578,-7.579,0.0824,0.224,0.00103,0.251,0.851,143.982
3i02AzQozt6QJn9QaNpQQw,0.49,0.653,-5.268,0.0353,0.653,2.72e-06,0.122,0.489,74.983
0WHi11uzahqpEtPGYCW6oQ,0.514,0.605,-5.363,0.0337,0.774,2.91e-06,0.121,0.409,120.894
2yQbzfcs28JrjKqxqAboEg,0.654,0.579,-5.561,0.0728,0.701,0.0,0.305,0.854,173.094
4IhKLu7Vk3j2TLmnFPl6To,0.723,0.504,-5.572,0.0392,0.388,7.4e-05,0.087,0.551,133.975
2uaiyLKnYvazyfR0Ky3Kbk,0.649,0.548,-5.692,0.0318,0.733,0.0,0.136,0.506,150.036
3CWuU5kIw8zsWJTcgreUwl,0.758,0.718,-6.13,0.0385,0.00546,0.00107,0.0781,0.127,115.041
27rABo3vAhwpnnqmTO9fMM,0.675,0.531,-6.941,0.0513,0.121,0.0,0.197,0.17,129.965
7FeWgVGGphXuSUu5wNeAcJ,0.637,0.642,-4.422,0.0639,0.00154,3.15e-06,0.0826,0.677,165.982
5bPsRW5aoUmqgsR8jadWnc,0.735,0.689,-5.41,0.0513,0.00381,0.00146,0.409,0.71,116.94
1VQOeaOFnSH1ztrTUX3Hxa,0.625,0.422,-5.727,0.0803,0.0605,0.0,0.114,0.369,110.036
6dpaekNzHZDhwd9QDayrbB,0.651,0.628,-5.811,0.0959,0.173,0.0,0.0591,0.513,150.014
4juSCLATD6AUzP02gCxZo0,0.769,0.719,-6.123,0.126,0.00387,0.00181,0.294,0.423,99.869
5DCaAsjQRLYvvdFUzaYnAz,0.544,0.758,-4.839,0.118,0.255,6.5e-05,0.35,0.306,150.041
4jnO4ztskhv3YkqgFnewtD,0.654,0.235,-11.292,0.159,0.819,0.0,0.0891,0.061,88.903
3Uu6pcfL9xsdfsKRx3DXRf,0.62,0.288,-9.431,0.123,0.801,0.0,0.37,0.691,100.385
6Jqk2PWC70GEBNmXwmTGHp,0.513,0.676,-5.337,0.0307,0.226,0.00102,0.217,0.221,78.496
4C0P5aJsVTkqXgVeAl83Iy,0.404,0.534,-7.968,0.0892,0.242,0.0,0.106,0.0789,164.182
0awZwmlC6pxH65KTZpadmX,0.45,0.794,-5.015,0.0538,0.388,0.0,0.303,0.362,143.861
4y4CvUnwX3N57EAAhUhDE7,0.823,0.312,-10.608,0.0794,0.264,0.0,0.71,0.456,95.107
7nDdxPUC5LbxmspeqkOzt8,0.907,0.452,-6.673,0.187,0.568,0.0,0.244,0.691,92.063
3fxldvXG3wRdUO6XmdO9pE,0.659,0.348,-8.227,0.151,0.519,0.0,0.339,0.582,84.376
4CxmynXhw78QefruycvxG8,0.831,0.452,-5.111,0.047,0.0803,0.0,0.359,0.534,93.04
0cTmZAWgUFAPQXj2ZNgU8T,0.653,0.802,-5.308,0.0666,0.161,0.0,0.143,0.56,167.952
51LIqkda3pTeECZUhMnool,0.838,0.546,-6.811,0.295,0.153,0.0,0.0656,0.745,137.027
7cM9Kqto11iJpY2RwgVJSq,0.812,0.472,-6.806,0.0603,0.26,0.0,0.285,0.457,92.951
5GXAXm5YOmYT0kL5jHvYBt,0.773,0.819,-5.946,0.118,0.426,0.0,0.0679,0.585,92.99
7MXVkk9YMctZqd1Srtv4MB,0.679,0.587,-7.015,0.276,0.141,6.35e-06,0.137,0.486,186.003
7fBv7CLKzipRk6EC6TWHOB,0.585,0.564,-7.063,0.0515,0.0671,0.0,0.135,0.137,113.003
6QtlQxO5ZyEzv2tVy0iP39,0.538,0.806,-5.634,0.0581,0.00576,0.0,0.0688,0.568,78.011
1db6ixe9nX6cqt2V1DYZnW,0.712,0.497,-7.943,0.0639,0.513,2.52e-06,0.303,0.457,93.953
5evRJdyXpQjdXhplXIQ0Bc,0.615,0.774,-5.152,0.0551,0.0173,0.0,0.15,0.336,136.887
41uMT21Z2Sts6UNsz19ZH5,0.795,0.642,-4.431,0.0288,0.0509,0.0,0.17,0.669,97.999
7my1wrfnHqssb3mtHEPWrI,0.652,0.715,-5.919,0.0388,0.0291,0.0,0.156,0.618,97.981
0qgZvYWLIqDn0tXimF8gPa,0.766,0.64,-8.899,0.0345,0.051,0.0,0.237,0.67,100.044
1HKl3RJInVzf5ObVnM644j,0.717,0.712,-6.098,0.0765,0.00663,0.0,0.0756,0.825,97.019
72gooyj5bJQNROC5Ptmjn7,0.781,0.729,-4.434,0.105,0.101,7.6e-06,0.376,0.834,155.974
2drbF4rim1zf57usCPD3NP,0.341,0.404,-8.987,0.0989,0.378,0.000218,0.118,0.0399,73.322
3DiRnA7UDlUPrGDOF9Zb4u,0.743,0.486,-7.347,0.0374,0.44,4.28e-05,0.144,0.346,109.015
28sNP4vXS6EtFr2VKPhCTQ,0.575,0.679,-4.442,0.0432,0.547,0.0,0.34,0.204,169.886
3WowsoNoWeMqTH2suWv9MW,0.72,0.481,-6.516,0.0432,0.136,0.0034,0.301,0.253,126.005
4J4rJEaVpgr2tHwX6Jd13H,0.778,0.629,-5.011,0.031,0.189,0.000293,0.149,0.48,108.023
7a2IJHzw9WJjoknwdnCop0,0.791,0.462,-4.023,0.0383,0.505,0.0,0.0991,0.556,125.913
0GD2v2Gl24z7F6bLl4fn7M,0.368,0.469,-7.8,0.0346,0.304,0.0164,0.107,0.129,150.447
0NuWgxEp51CutD2pJoF4OM,0.765,0.663,-5.223,0.0652,0.141,0.000297,0.0924,0.686,150.091
0UMFm4ndFr3PH5VsVYnCNG,0.694,0.637,-5.896,0.0806,0.298,9.69e-06,0.123,0.506,83.982
1mbuSss0OVqfS00y7yCNCZ,0.672,0.436,-11.743,0.0326,0.71,0.147,0.117,0.557,105.003
4cJOLN346rtOty3UPACsao,0.884,0.333,-9.753,0.0617,0.293,0.0205,0.103,0.587,118.065
7kyiHjkFdmHcYcIJtFAdaF,0.445,0.591,-9.004,0.0316,0.319,0.766,0.107,0.0774,137.864
1XrSjpNe49IiygZfzb74pk,0.526,0.877,-4.369,0.033,0.172,0.0108,0.223,0.436,145.568
1M4Ud66z18wuIq3oOxqVHa,0.511,0.806,-6.093,0.0481,0.03,0.0465,0.252,0.41,162.04
7yyJF1BYBaCifNmO1RGhv7,0.472,0.627,-6.895,0.0289,0.000427,0.574,0.0798,0.172,157.909
1BYZxKSf0aTxp8ZFoeyM3d,0.566,0.366,-12.808,0.028,0.113,0.181,0.155,0.237,129.959
2sBKLT7bFa38yVAYxYltUX,0.36,0.209,-10.293,0.0355,0.967,0.00326,0.153,0.227,199.95
1aTf6n7MSd9z1LQYJEcmqF,0.513,0.884,-4.2,0.0312,0.00161,0.000208,0.145,0.452,103.034
7I1kle4TNmkfednJDKo8GR,0.666,0.527,-5.851,0.034,0.109,9.02e-05,0.132,0.37,115.979
0KyAGiNGUytG5JLxJu4F6l,0.93,0.611,-4.406,0.0415,0.593,0.00124,0.0592,0.695,112.127
3zksbXteOCeSusJ5Xltr3t,0.509,0.0167,-24.639,0.115,0.979,2.72e-05,0.387,0.229,207.97
6UFivO2zqqPFPoQYsEMuCc,0.742,0.546,-7.694,0.0315,0.172,0.38,0.115,0.868,104.996
5mIOsPuQdXchVY0jB5NO9Q,0.75,0.585,-7.576,0.0285,0.049,0.00552,0.155,0.584,102.331
0HAqq2GcQKyi3s87GuN7jU,0.739,0.491,-11.515,0.027,0.791,0.0366,0.1,0.707,111.008
7B3z0ySL9Rr0XvZEAjWZzM,0.744,0.619,-9.805,0.039,0.598,0.00372,0.231,0.641,112.997
07VBqWH6NG8L2ad3l84UKk,0.353,0.686,-5.704,0.0534,0.00216,0.0,0.123,0.177,94.47
5v8aEcHcaJIGYpfVVPtJjI,0.568,0.569,-6.013,0.0329,0.0004,0.102,0.342,0.266,72.991
0EfsDEYaSjGYd66Pr881nq,0.581,0.656,-4.891,0.0294,0.00269,2.78e-06,0.101,0.338,108.033
2u0CelO5c81XS7z3dGpHbS,0.245,0.64,-7.426,0.0608,0.131,8.11e-06,0.0766,0.105,135.739
7brQHA2CgQpcMBiOlfiXYb,0.464,0.701,-5.693,0.0411,0.00892,0.309,0.335,0.356,83.996
5E30LdtzQTGqRvNd7l6kG5,0.588,0.521,-9.461,0.0329,0.0678,0.149,0.123,0.337,85.012
2QjOHCTQ1Jl3zawyYOpxh6,0.612,0.807,-2.81,0.0336,0.0495,0.0177,0.101,0.398,124.053
58ge6dfP91o9oXMzq3XkIS,0.52,0.852,-5.866,0.0543,0.00237,5.79e-05,0.0733,0.234,140.267
5FVd6KXrgO9B3JPmC8OPst,0.548,0.532,-7.596,0.0323,0.186,0.000263,0.217,0.405,85.03
26wLOs3ZuHJa2Ihhx6QIE6,0.756,0.448,-2.993,0.0404,0.0508,3.87e-06,0.11,0.431,139.031
2iUXsYOEPhVqEBwsqP70rE,0.597,0.854,-5.114,0.463,0.0169,0.0,0.124,0.152,120.276
7GsCscyNKIYb5Gy76o5Bgi,0.84,0.566,-6.714,0.0876,0.738,0.0,0.0901,0.494,131.972
76cQg9zKImVOYRz6sU6xvw,0.899,0.259,-8.266,0.0638,0.369,0.0741,0.103,0.384,119.948
5YVuTCLDxjS8pORppZhNsf,0.565,0.467,-7.741,0.0485,0.643,0.0,0.103,0.116,112.499
6L9vUQRiVybGvtAatCdRhw,0.675,0.53,-4.196,0.0385,0.016,0.0,0.111,0.0832,124.991
3BIc6CjDJxm6P1qCls2nKa,0.741,0.354,-15.505,0.0812,0.656,0.702,0.384,0.037,120.018
4W8sUeokQKfHt1uTXp0Jq0,0.83,0.583,-2.052,0.0412,0.0563,0.0005,0.109,0.146,134.0
5Ohxk2dO5COHF1krpoPigN,0.516,0.595,-4.63,0.0313,0.0275,0.0,0.109,0.222,119.972
1ZMiCix7XSAbfAJlEZWMCp,0.567,0.267,-6.502,0.0299,0.839,1.46e-06,0.089,0.0592,110.011
7asyVbwQE7IbA3x2be7bdI,0.675,0.464,-9.277,0.151,0.0635,0.073,0.0711,0.129,79.55
6suYoN4gFkanqOBn5yRnJC,0.486,0.528,-11.722,0.0463,0.00387,1.4e-05,0.106,0.452,178.519
3znD2JTezT8ZLkp2pmft2l,0.626,0.323,-9.607,0.0339,0.667,0.0,0.0605,0.234,130.082
7s8VgA8OjvwBUuigKzEGBx,0.811,0.266,-12.478,0.0406,0.56,1.05e-06,0.0962,0.211,130.044
6KfoDhO4XUWSbnyKjNp9c4,0.628,0.639,-5.46,0.0435,0.00162,0.0,0.354,0.493,108.045
4xqrdfXkTW4T0RauPLv3WA,0.357,0.425,-7.301,0.0333,0.584,0.0,0.322,0.27,102.078
4NiehSBQthimPzRsVeOgCT,0.701,0.459,-7.749,0.084,0.00407,0.000155,0.045,0.481,102.964
6jA8HL9i4QGzsj6fjoxp8Y,0.611,0.644,-7.607,0.0553,0.124,0.0,0.124,0.13,105.969
1cOyWWUr3oXJIxY0AjJEx9,0.628,0.737,-4.437,0.041,0.0638,0.0,0.0777,0.591,91.505
5VjTlCuX8C11QDunDwvyNh,0.617,0.315,-7.998,0.0326,0.771,0.0,0.0809,0.447,119.822
2qXicQG06oT0ijKBznpgQv,0.745,0.477,-7.706,0.088,0.202,0.0,0.12,0.454,136.055
0D2xguFRqCF0OUqXCkqrpU,0.407,0.317,-7.895,0.0429,0.845,2.66e-06,0.139,0.216,81.899
2pyjbGTpJCPjMYwCbdymiF,0.688,0.5,-7.411,0.138,0.102,0.0,0.355,0.418,127.906
1YlulsUKDduOmC7WxvXYPW,0.683,0.42,-6.51,0.0542,0.0875,0.0,0.225,0.469,128.621
7cflqPPi3zWfLFRRBTWeh6,0.776,0.355,-8.319,0.0685,0.436,0.0,0.301,0.663,138.036
6r2JV75tE0vNgNCv4HKsBC,0.583,0.075,-15.843,0.0726,0.933,1.4e-06,0.111,0.347,108.418
4PyMK7JTcu6l30D8KogokR,0.807,0.539,-8.193,0.124,0.0789,0.0,0.0928,0.755,127.992
7bdYxWPCs46dQ0XLwySOyv,0.707,0.322,-12.46,0.0371,0.745,9.26e-05,0.137,0.459,98.892
0rbKrBvZUYY9GN9l057BuY,0.732,0.221,-12.623,0.056,0.897,2.62e-05,0.11,0.677,105.165
75ls0gurX68lUmMjE7QcsE,0.773,0.437,-8.281,0.0976,0.835,2.17e-05,0.544,0.708,103.857
18uwL0vNUanqZH0ro2QcOP,0.796,0.178,-11.991,0.0572,0.607,0.0,0.623,0.608,93.976
4CxFN5zON70B3VOPBYbd6P,0.561,0.0848,-15.099,0.0404,0.913,2.62e-05,0.112,0.206,102.128
3LxG9HkMMFP0MZuiw3O2rF,0.643,0.603,-5.416,0.0311,0.012,0.0,0.118,0.42,144.01
2FK1qmw8XNBqUe5CcgTVnE,0.574,0.803,-3.17,0.186,0.102,4.15e-06,0.0861,0.647,97.967
0SuLAslEMFZAXf0SwY7syi,0.617,0.567,-4.188,0.0828,0.0584,0.0,0.0933,0.505,90.246
07ZQLYn9x4x3L3vxStc1zr,0.744,0.556,-6.97,0.0375,0.0858,0.0,0.1,0.505,105.006
2tOOcDDYkh0PSjr6GwPEAJ,0.732,0.856,-2.2,0.0929,0.0828,0.0,0.323,0.771,145.034
38KsRHYE10bG0paU78gL9r,0.742,0.679,-4.594,0.0259,0.0488,0.0,0.0754,0.856,100.041
6y6jbcPG4Yn3Du4moXaenr,0.63,0.5,-8.755,0.0611,0.611,4.04e-05,0.114,0.315,144.871
6D6HVKe7Qu3imn4zzJD0W9,0.691,0.389,-8.247,0.0367,0.765,0.0,0.0941,0.306,104.952
2ptqHEyLTAyXdunvuiNL5h,0.752,0.443,-7.609,0.118,0.792,0.0,0.151,0.849,127.939
2mt1IqcFyY1zmYZT8Q3xw9,0.782,0.559,-7.106,0.0767,0.125,0.0,0.385,0.685,129.992
0Aqi7ArnBrGblW5T6p2jmD,0.785,0.431,-8.756,0.0364,0.123,0.0,0.0887,0.236,127.085
5lehoWkVPujeOAwb8BO0uK,0.868,0.654,-4.832,0.0766,0.208,0.0,0.187,0.299,138.02
0VjIjW4GlUZAMYd2vXMi3b,0.513,0.73,-5.94,0.0598,0.00143,9.54e-05,0.0897,0.334,171.001
4K9Jh6jnw0P4FZUwrG6Keb,0.667,0.466,-7.565,0.176,0.703,0.0,0.0807,0.819,85.949
0LSzBkkQZZkwV656r6etLg,0.39,0.629,-4.876,0.0469,0.0187,4.12e-05,0.0658,0.162,141.983
4MfLjVBgqn4e8fBKWJk6sU,0.736,0.35,-10.424,0.215,0.631,0.000273,0.41,0.303,134.003
0Lcgf6yhcC1d2mkafHogkx,0.632,0.595,-6.586,0.0385,0.267,0.0,0.182,0.491,92.914
3xaQiq1PpJfLO4KRly44BL,0.369,0.789,-5.948,0.465,0.802,0.0,0.253,0.273,71.169
5IPT4Noqvo7bsfbWUOHcG4,0.576,0.782,-6.167,0.0346,0.0123,0.00241,0.467,0.367,87.971
3pShTDa5E1bPBkrc1mxxGY,0.536,0.845,-5.765,0.0615,0.0033,0.0,0.0465,0.6,159.953
6BxhzevDe4Mzrabj9Pa1eZ,0.65,0.667,-6.227,0.0857,0.18,0.0,0.477,0.667,88.98
3XHjBo5wg5tvVugQRXkP0P,0.7,0.513,-6.845,0.0698,0.684,5.23e-05,0.249,0.637,82.006
2JqyquFrqaoKt0SRr91meT,0.701,0.87,-3.899,0.0359,0.051,0.0,0.276,0.768,120.031
0K0JJ3QZEHYhBwkE21L2HZ,0.779,0.733,-8.137,0.0734,0.0177,0.0011,0.591,0.515,115.009
3JyvSSU0VnlMUsQckyEVfX,0.497,0.701,-6.834,0.119,0.000568,0.000287,0.352,0.18,76.918
1TQXIltqoZ5XXyfCbAeSQQ,0.629,0.328,-8.284,0.029,0.768,2.5e-05,0.103,0.389,74.953
4umIPjkehX1r7uhmGvXiSV,0.806,0.546,-6.637,0.0579,0.298,0.0,0.102,0.875,147.988
5tqNWWiySiABLrGAvSWsO5,0.682,0.363,-10.837,0.0261,0.699,3e-05,0.363,0.203,94.978
2FwP6d7xG5Hch65LBsa7Zi,0.801,0.499,-5.89,0.0346,0.239,0.0,0.189,0.674,99.018
7ksYNhalX8IWKku513n8QG,0.713,0.639,-5.231,0.243,0.386,0.0,0.177,0.625,166.732
5fw7OEMjARmFAu0cQ363U4,0.71,0.778,-5.336,0.0317,0.0466,0.0,0.0763,0.382,101.024
6UelLqGlWMcVH1E5c4H7lY,0.548,0.816,-4.209,0.0465,0.122,0.0,0.335,0.557,95.39
60iSKGrGazRzICtMjADNSM,0.688,0.53,-5.507,0.0333,0.443,0.0,0.0995,0.162,106.958
